-- MySQL dump 10.13  Distrib 8.1.0, for Win64 (x86_64)
--
-- Host: 127.0.0.1    Database: goods
-- ------------------------------------------------------
-- Server version	8.1.0

/*!40101 SET @OLD_CHARACTER_SET_CLIENT=@@CHARACTER_SET_CLIENT */;
/*!40101 SET @OLD_CHARACTER_SET_RESULTS=@@CHARACTER_SET_RESULTS */;
/*!40101 SET @OLD_COLLATION_CONNECTION=@@COLLATION_CONNECTION */;
/*!50503 SET NAMES utf8mb4 */;
/*!40103 SET @OLD_TIME_ZONE=@@TIME_ZONE */;
/*!40103 SET TIME_ZONE='+00:00' */;
/*!40014 SET @OLD_UNIQUE_CHECKS=@@UNIQUE_CHECKS, UNIQUE_CHECKS=0 */;
/*!40014 SET @OLD_FOREIGN_KEY_CHECKS=@@FOREIGN_KEY_CHECKS, FOREIGN_KEY_CHECKS=0 */;
/*!40101 SET @OLD_SQL_MODE=@@SQL_MODE, SQL_MODE='NO_AUTO_VALUE_ON_ZERO' */;
/*!40111 SET @OLD_SQL_NOTES=@@SQL_NOTES, SQL_NOTES=0 */;

--
-- Table structure for table `t_admin`
--

DROP TABLE IF EXISTS `t_admin`;
/*!40101 SET @saved_cs_client     = @@character_set_client */;
/*!50503 SET character_set_client = utf8mb4 */;
CREATE TABLE `t_admin` (
  `adminId` char(32) NOT NULL,
  `adminname` varchar(50) DEFAULT NULL,
  `adminpwd` varchar(50) DEFAULT NULL,
  PRIMARY KEY (`adminId`)
) ENGINE=InnoDB DEFAULT CHARSET=utf8mb3;
/*!40101 SET character_set_client = @saved_cs_client */;

--
-- Dumping data for table `t_admin`
--

LOCK TABLES `t_admin` WRITE;
/*!40000 ALTER TABLE `t_admin` DISABLE KEYS */;
INSERT INTO `t_admin` VALUES ('admin1','LiLianHua','123'),('admin2','ShanGuDao','123'),('admin3','FangDuoBing','123');
/*!40000 ALTER TABLE `t_admin` ENABLE KEYS */;
UNLOCK TABLES;

--
-- Table structure for table `t_book`
--

DROP TABLE IF EXISTS `t_book`;
/*!40101 SET @saved_cs_client     = @@character_set_client */;
/*!50503 SET character_set_client = utf8mb4 */;
CREATE TABLE `t_book` (
  `bid` char(32) NOT NULL,
  `bname` varchar(200) DEFAULT NULL,
  `author` varchar(200) DEFAULT NULL,
  `price` decimal(8,2) DEFAULT NULL,
  `currPrice` decimal(8,2) DEFAULT NULL,
  `discount` decimal(3,1) DEFAULT NULL,
  `press` varchar(100) DEFAULT NULL,
  `publishtime` char(100) DEFAULT NULL,
  `paper` char(100) DEFAULT NULL,
  `printtime` char(100) DEFAULT NULL,
  `edition` int DEFAULT NULL,
  `pageNum` int DEFAULT NULL,
  `wordNum` int DEFAULT NULL,
  `booksize` int DEFAULT NULL,
  `cid` char(32) DEFAULT NULL,
  `image_w` varchar(100) DEFAULT NULL,
  `image_b` varchar(100) DEFAULT NULL,
  `orderBy` int NOT NULL AUTO_INCREMENT,
  `explaination` char(100) DEFAULT NULL,
  PRIMARY KEY (`bid`),
  KEY `orderBy` (`orderBy`),
  KEY `FK_t_book_t_category` (`cid`),
  CONSTRAINT `t_book_t_category_cid_fk` FOREIGN KEY (`cid`) REFERENCES `t_category` (`cid`)
) ENGINE=InnoDB AUTO_INCREMENT=105 DEFAULT CHARSET=utf8mb3;
/*!40101 SET character_set_client = @saved_cs_client */;

--
-- Dumping data for table `t_book`
--

LOCK TABLES `t_book` WRITE;
/*!40000 ALTER TABLE `t_book` DISABLE KEYS */;
INSERT INTO `t_book` VALUES ('10A36CEE42549FFB299B7C7129761D5','一心一意的爱','11枝卡罗拉红玫瑰、搭配白色满天星、尤加利点缀。',419.00,189.00,4.5,'外围双色欧雅纸精美包装、内衬白色雪梨纸、酒红色丝带蝴蝶结束扎。','人间蹉跎，你是唯一值得。','本地区各市县、乡镇、街道（市区内免费配送）','免费附送精美贺卡，代写您的祝福。(您下单时可填写留言栏)',1,251,0,16,'13','book_img/1.jpg','book_img/1.jpg',1,'由于鲜花包扎各地的花艺师不同，可能在花束的形式和搭配上与图片不完全一致，但我们保证鲜花的主花材品种、新鲜程度、数量、颜色与说明一致，谢谢。'),('10DA36CEE42549FFB299B7C7129761D5','追寻美好','11枝精品戴安娜粉玫瑰，搭配尤加利叶间插丰满。',289.00,189.00,6.5,'粉色欧雅纸，内衬白色雪梨纸，蝴蝶结精美束扎。','让鲜花留下我们愉快的忆记，当世事变换，我将循着它在记忆中找到你！','本地区各市县、乡镇、街道（市区内免费配送）','免费附送精美贺卡，代写您的祝福。(您下单时可填写留言栏)',1,251,0,16,'12','book_img/60.jpg','book_img/60.jpg',2,'由于鲜花包扎各地的花艺师不同，可能在花束的形式和搭配上与图片不完全一致，但我们保证鲜花的主花材品种、新鲜程度、数量、颜色与说明一致，谢谢。'),('10E34313BF304CCEBF198BD4E05307B8','想牵你的手','19枝卡罗拉红玫瑰搭配白色满天星',421.00,191.00,7.5,'白色欧雅纸加网红英文纸精美包装','想牵你的手 从心动 到古稀 到尽头','本地区各市县、乡镇、街道（市区内免费配送）','免费附送精美贺卡，代写您的祝福。(您下单时可填写留言栏)',1,425,573000,16,'13','book_img/3.jpg','book_img/3.jpg',3,'由于鲜花包扎各地的花艺师不同，可能在花束的形式和搭配上与图片不完全一致，但我们保证鲜花的主花材品种、新鲜程度、数量、颜色与说明一致，谢谢。'),('10E34313BF304CCEBF198BDE05307B8','满眼是你','33枝卡罗拉红玫瑰搭配白色满天星、尤加利叶、1对小熊(款式随机)',559.00,339.00,6.0,'黑色星月纱、双色欧雅纸','纵然途中万般风景，我的眼里只有你！','本地区各市县、乡镇、街道（市区内免费配送）','免费附送精美贺卡，代写您的祝福。(您下单时可填写留言栏)',1,425,573000,16,'13','book_img/4.jpg','book_img/4.jpg',4,'由于鲜花包扎各地的花艺师不同，可能在花束的形式和搭配上与图片不完全一致，但我们保证鲜花的主花材品种、新鲜程度、数量、颜色与说明一致，谢谢。'),('10E423DBE56042838806673DB3E6BD3','甜甜爱情','11朵粉雪山玫瑰，尤加利叶间插丰满',289.00,189.00,6.5,'粉色欧雅纸精美包装！','爱情来了，云开日出，山河壮丽，我们的爱如暖暖春风，绽梦成花，花聚成海','本地区各市县、乡镇、街道（市区内免费配送）','免费附送精美贺卡，代写您的祝福。(您下单时可填写留言栏)',0,0,0,0,'12','book_img/5.jpg','book_img/5.jpg',5,'由于鲜花包扎各地的花艺师不同，可能在花束的形式和搭配上与图片不完全一致，但我们保证鲜花的主花材品种、新鲜程度、数量、颜色与说明一致，谢谢。'),('10E423DBE56042838806673DB3E86BD3','骄阳似火','1枝向日葵、4枝香槟玫瑰、3枝绿桔梗、尤加利叶搭配',279.00,168.00,6.0,'白色雪梨纸搭配橙色欧雅纸精美包装','那个夏天的蝉鸣比哪一年都聒噪，教室窗外枝桠疯长，却总也挡不住烈阳','本地区各市县、乡镇、街道（市区内免费配送）','免费附送精美贺卡，代写您的祝福。(您下单时可填写留言栏)',2,399,0,16,'25','book_img/6.jpg','book_img/6.jpg',6,'由于鲜花包扎各地的花艺师不同，可能在花束的形式和搭配上与图片不完全一致，但我们保证鲜花的主花材品种、新鲜程度、数量、颜色与说明一致，谢谢。'),('10E42DBE56042838806673DB3E86BD3','浪漫赴约','52枝精品红玫瑰，栀子叶间插，蝴蝶结装饰，送彩灯一串。',819.00,468.00,5.7,'黑色欧雅纸包装，红色缎带束扎，精美黑纱装饰。','我将玫瑰藏于身后，时刻期待与你赴约','本地区各市县、乡镇、街道（市区内免费配送）','免费附送精美贺卡，代写您的祝福。(您下单时可填写留言栏)',2,399,0,16,'13','book_img/7.jpg','book_img/7.jpg',7,'由于鲜花包扎各地的花艺师不同，可能在花束的形式和搭配上与图片不完全一致，但我们保证鲜花的主花材品种、新鲜程度、数量、颜色与说明一致，谢谢。'),('10E69F85ACAB4C15BB40966E5AA545F1','永久誓言','11枝卡罗拉红玫瑰搭配白色满天星，随机赠送1条串灯',419.00,188.00,4.4,'白色雪梨纸搭配粉色欧雅纸精美包装。','我们不再相信谎言,不再需要蜜语甜言,给我一句真的誓言,让我可以期待永远','本地区各市县、乡镇、街道（市区内免费配送）','免费附送精美贺卡，代写您的祝福。(您下单时可填写留言栏)',1,290,0,32,'13','book_img/8.jpg','book_img/8.jpg',8,'由于鲜花包扎各地的花艺师不同，可能在花束的形式和搭配上与图片不完全一致，但我们保证鲜花的主花材品种、新鲜程度、数量、颜色与说明一致，谢谢。'),('119F56E4423462394E6F83882F78975','情真意切','11朵红玫瑰，3枝多头橙色泡泡玫瑰，红豆、尤加利叶间插点缀。',288.00,208.00,7.2,'红金色双色欧雅纸精美包装。','想也罢，念也罢，皆是真情；今儿好，明更好，衷心祝愿；情也真，意也切，常驻心间。','本地区各市县、乡镇、街道（市区内免费配送）','免费附送精美贺卡，代写您的祝福。(您下单时可填写留言栏)',1,718,1488000,16,'24','book_img/9.jpg','book_img/9.jpg',9,'由于鲜花包扎各地的花艺师不同，可能在花束的形式和搭配上与图片不完全一致，但我们保证鲜花的主花材品种、新鲜程度、数量、颜色与说明一致，谢谢。'),('119FF56E4423462394E6F83882F78975','相爱长久','99枝精品红玫瑰，外围白色满天星、表面黑色缎带装饰、搭配一条彩灯、一顶皇冠',1499.00,789.00,5.2,'黑纱精美包装、红色缎带束扎','彼此相遇不易，愿我们都能长久相爱','本地区各市县、乡镇、街道（市区内免费配送）','免费附送精美贺卡，代写您的祝福。(您下单时可填写留言栏)',1,718,1488000,16,'13','book_img/10.jpg','book_img/10.jpg',10,'由于鲜花包扎各地的花艺师不同，可能在花束的形式和搭配上与图片不完全一致，但我们保证鲜花的主花材品种、新鲜程度、数量、颜色与说明一致，谢谢。'),('119FF5E4423462394E6F83882F78975','爱在满怀','19朵戴安娜玫瑰 银叶菊间插 搭配满天星',546.00,279.00,5.1,'精美浅粉色包装纸搭配深色扎带','一句轻轻的问候是蜜，把你甜透；一份深深的祝福是光，照你永久；一弯遥遥的牵挂是虹，把你守候；一缕柔柔的关怀是水，伴你春秋，愿你开心快乐每一天。','本地区各市县、乡镇、街道（市区内免费配送）','免费附送精美贺卡，代写您的祝福。(您下单时可填写留言栏)',1,718,1488000,16,'24','book_img/11.jpg','book_img/11.jpg',11,'由于鲜花包扎各地的花艺师不同，可能在花束的形式和搭配上与图片不完全一致，但我们保证鲜花的主花材品种、新鲜程度、数量、颜色与说明一致，谢谢。'),('11ADA99309342F4978D5C680B0C6E8C','超级宠爱','11枝卡罗拉红玫瑰，白色满天星间插丰满装饰。',266.00,198.00,7.4,'精美心形礼盒包装！','只想给你宠爱，快乐的事想跟你分享。','本地区各市县、乡镇、街道（市区内免费配送）','免费附送精美贺卡，代写您的祝福。(您下单时可填写留言栏)',1,459,745000,16,'13','book_img/12.jpg','book_img/12.jpg',12,'由于鲜花包扎各地的花艺师不同，可能在花束的形式和搭配上与图片不完全一致，但我们保证鲜花的主花材品种、新鲜程度、数量、颜色与说明一致，谢谢。'),('11FAA99309342F4978D5C680B0C6E8C','美丽邂逅','1枝粉色多头百合、2枝白玫瑰、2枝卡罗拉红玫瑰、3枝向日葵，3枝粉雪山玫瑰、2枝戴安娜玫瑰、3枝橙色多头玫瑰、尤加利叶',389.00,268.00,6.8,'红色欧雅纸加粉色雪梨纸精美包装！','缘是美丽的邂逅，爱是心跳的感觉， 情是心灵的交会，恋是甜蜜的思念， 走在爱与被爱的边缘，你见或者不见， 爱你的心始终不改变！','本地区各市县、乡镇、街道（市区内免费配送）','免费附送精美贺卡，代写您的祝福。(您下单时可填写留言栏)',1,459,745000,16,'15','book_img/13.jpg','book_img/13.jpg',13,'由于鲜花包扎各地的花艺师不同，可能在花束的形式和搭配上与图片不完全一致，但我们保证鲜花的主花材品种、新鲜程度、数量、颜色与说明一致，谢谢。'),('11FADA99309342F4978D5C680B0C6E8C','暖暖的风','11支香槟玫瑰，洋甘菊和尤加利间插、下单即送一灯串',266.00,189.00,7.1,'内衬白色雪梨纸，外层黄绿色欧雅纸层次圆形包装，缎带束扎','像冬天暖暖的风，能温暖你、呵护你','本地区各市县、乡镇、街道（市区内免费配送）','免费附送精美贺卡，代写您的祝福。(您下单时可填写留言栏)',1,459,745000,16,'34','book_img/14.jpg','book_img/14.jpg',14,'由于鲜花包扎各地的花艺师不同，可能在花束的形式和搭配上与图片不完全一致，但我们保证鲜花的主花材品种、新鲜程度、数量、颜色与说明一致，谢谢。'),('123E68A6DB94E27B6E2ABD39DC21AF5','美好相遇','12朵卡罗拉红玫瑰，白色满天星间插丰满，尤加利叶间插点缀。',266.00,199.00,7.4,'黑色欧雅纸精美包装，红色英文缎带蝴蝶结束扎。','世间所有的相遇都是久别重逢，这束花代表了每一次美好的相遇，都是生命中的小确幸，珍惜每一次与美好的不期而遇。','本地区各市县、乡镇、街道（市区内免费配送）','免费附送精美贺卡，代写您的祝福。(您下单时可填写留言栏)',1,153,181000,16,'24','book_img/15.jpg','book_img/15.jpg',15,'由于鲜花包扎各地的花艺师不同，可能在花束的形式和搭配上与图片不完全一致，但我们保证鲜花的主花材品种、新鲜程度、数量、颜色与说明一致，谢谢。'),('123E6E8A6B94E27B6E2ABD39DC21AF5','明媚阳光','9枝香槟玫瑰，4枝泡泡玫瑰，3枝向日葵，4枝白色洋桔梗，搭配尤加利叶点缀',559.00,279.00,4.9,'内衬白色雪梨纸，外围蓝色、橘色欧雅纸精美包装，浅色系缎带束扎','你的笑像那明媚的阳光，温暖了我的世界','本地区各市县、乡镇、街道（市区内免费配送）','免费附送精美贺卡，代写您的祝福。(您下单时可填写留言栏)',1,153,181000,16,'25','book_img/16.jpg','book_img/16.jpg',16,'由于鲜花包扎各地的花艺师不同，可能在花束的形式和搭配上与图片不完全一致，但我们保证鲜花的主花材品种、新鲜程度、数量、颜色与说明一致，谢谢。'),('123E6E8A6DB94E27B6E2ABD39DC21AF5','我的小公主','33朵精品粉色戴安娜玫瑰，搭配满天星、尤加利叶装饰。赠送彩灯一根.',559.00,349.00,6.2,'清新水蓝色欧雅纸圆形精美包装，粉色缎带蝴蝶结束扎。','你是我一生呵护的小公主，我愿做你遮风挡雨的骑士。','本地区各市县、乡镇、街道（市区内免费配送）','免费附送精美贺卡，代写您的祝福。(您下单时可填写留言栏)',1,153,181000,16,'42','book_img/17.jpg','book_img/17.jpg',17,'由于鲜花包扎各地的花艺师不同，可能在花束的形式和搭配上与图片不完全一致，但我们保证鲜花的主花材品种、新鲜程度、数量、颜色与说明一致，谢谢。'),('126B831C5D04F61A72F66679A0CCFFD','奔赴永远','11枝戴安娜粉玫瑰，5枝多头白色洋桔梗，小雏菊、尤加利叶间插丰满。',399.00,259.00,6.4,'网红英文纸搭配粉色欧雅纸，雪梨纸内衬，蝴蝶结束扎。','想牵你的手，一起到一个叫永远的地方，看天长地久，尝海枯石烂!','本地区各市县、乡镇、街道（市区内免费配送）','免费附送精美贺卡，代写您的祝福。(您下单时可填写留言栏)',1,162,0,16,'15','book_img/18.jpg','book_img/18.jpg',18,'由于鲜花包扎各地的花艺师不同，可能在花束的形式和搭配上与图片不完全一致，但我们保证鲜花的主花材品种、新鲜程度、数量、颜色与说明一致，谢谢。'),('126B8F31C5D04F61A72F66679A0CCFFD','突然好想你','11枝红色卡罗拉玫瑰，尤加利叶点缀丰满。',289.00,209.00,7.2,'姜黄色欧雅纸精美包装','突然好想你，带着浪漫来见你','本地区各市县、乡镇、街道（市区内免费配送）','免费附送精美贺卡，代写您的祝福。(您下单时可填写留言栏)',1,162,0,16,'13','book_img/19.jpg','book_img/19.jpg',19,'由于鲜花包扎各地的花艺师不同，可能在花束的形式和搭配上与图片不完全一致，但我们保证鲜花的主花材品种、新鲜程度、数量、颜色与说明一致，谢谢。'),('126B8F31C5D04F61A72F66679ACCFFD','得偿所愿','3枝向日葵、5枝香槟玫瑰、3枝橙色多头玫瑰、尤加利叶点缀',226.00,169.00,7.4,'简约英文纸、蓝色防水纸精美包装！','祝所求之事得偿所愿。','本地区各市县、乡镇、街道（市区内免费配送）','免费附送精美贺卡，代写您的祝福。(您下单时可填写留言栏)',1,162,0,16,'73','book_img/20.jpg','book_img/20.jpg',20,'由于鲜花包扎各地的花艺师不同，可能在花束的形式和搭配上与图片不完全一致，但我们保证鲜花的主花材品种、新鲜程度、数量、颜色与说明一致，谢谢。'),('12ABA8B06C524632846F27C34568F3CE','爱了很久','33枝拉罗拉红玫瑰，白色满天星围边装饰，下单即送1灯串1皇冠',488.00,358.00,7.3,'红色欧雅纸精美包装！','一直爱一个人真的很酷','本地区各市县、乡镇、街道（市区内免费配送）','免费附送精美贺卡，代写您的祝福。(您下单时可填写留言栏)',1,784,805000,16,'13','book_img/21.jpg','book_img/21.jpg',21,'由于鲜花包扎各地的花艺师不同，可能在花束的形式和搭配上与图片不完全一致，但我们保证鲜花的主花材品种、新鲜程度、数量、颜色与说明一致，谢谢。'),('1329A14DDEF8455F82B3FDF25821D2BB','福来运转','9枝香槟玫瑰，3多向日葵，6枝橙色多头泡泡玫瑰，尤加利叶间插点缀。',358.00,269.00,7.5,'橙色双色欧雅纸精美包装。','福气东来，好运到家，吉祥如意，喜气洋洋。','本地区各市县、乡镇、街道（市区内免费配送）','免费附送精美贺卡，代写您的祝福。(您下单时可填写留言栏)',1,554,819000,16,'73','book_img/22.jpg','book_img/22.jpg',22,'由于鲜花包扎各地的花艺师不同，可能在花束的形式和搭配上与图片不完全一致，但我们保证鲜花的主花材品种、新鲜程度、数量、颜色与说明一致，谢谢。'),('1329A14DDEF855F82B3FDF25821D2BB','臻爱一生','99朵精品红玫瑰、香槟玫瑰拼字混搭，黄莺、满天星围边装饰。',1523.00,836.00,5.4,'梦幻白纱圆形精美包装。','没你的时候，我能做的只有想你；有你的时候，我该做的都是爱你！','本地区各市县、乡镇、街道（市区内免费配送）','免费附送精美贺卡，代写您的祝福。(您下单时可填写留言栏)',1,554,819000,16,'15','book_img/23.jpg','book_img/23.jpg',23,'由于鲜花包扎各地的花艺师不同，可能在花束的形式和搭配上与图片不完全一致，但我们保证鲜花的主花材品种、新鲜程度、数量、颜色与说明一致，谢谢。'),('1329A4DDEF8455F82B3FDF25821D2BB','与你相逢','11枝戴安娜粉玫瑰、4枝粉色多头百合，尤加利点缀',519.00,279.00,5.3,'内衬白色雪梨纸，外围粉色欧雅纸精美包装，同色系缎带束扎','过树穿花踏遍山河，终要与你相逢','本地区各市县、乡镇、街道（市区内免费配送）','免费附送精美贺卡，代写您的祝福。(您下单时可填写留言栏)',1,554,819000,16,'21','book_img/24.jpg','book_img/24.jpg',24,'由于鲜花包扎各地的花艺师不同，可能在花束的形式和搭配上与图片不完全一致，但我们保证鲜花的主花材品种、新鲜程度、数量、颜色与说明一致，谢谢。'),('13CF52B3D2D4187A16754551488D733','独家记忆','52朵卡罗拉红玫瑰',979.00,488.00,4.9,'粉紫色欧雅纸加绵纸精美包装，红色缎带束扎。','我希望你，是我独家的记忆。谁也不行 ，从我这个身体中拉走你','本地区各市县、乡镇、街道（市区内免费配送）','免费附送精美贺卡，代写您的祝福。(您下单时可填写留言栏)',1,519,884000,16,'13','book_img/25.jpg','book_img/25.jpg',25,'由于鲜花包扎各地的花艺师不同，可能在花束的形式和搭配上与图片不完全一致，但我们保证鲜花的主花材品种、新鲜程度、数量、颜色与说明一致，谢谢。'),('13CF52B3ED2D4187A16754551488D733','粉系公主款','21朵戴安娜粉色，3朵向日葵搭配尤加利叶',658.00,336.00,5.1,'白色手揉纸+粉色雾面纸韩式包装，绿色缎带束扎','遇见你，是我一生的幸运；爱上你，是我一生的快乐。','本地区各市县、乡镇、街道（市区内免费配送）','免费附送精美贺卡，代写您的祝福。(您下单时可填写留言栏)',1,519,884000,16,'35','book_img/26.jpg','book_img/26.jpg',26,'由于鲜花包扎各地的花艺师不同，可能在花束的形式和搭配上与图片不完全一致，但我们保证鲜花的主花材品种、新鲜程度、数量、颜色与说明一致，谢谢。'),('13CF5B3ED2D4187A16754551488D733','浪漫旅程','11枝卡罗拉玫瑰搭配尤加利叶',419.00,216.00,5.1,'内衬卡其色棉纸，外围搭配双色欧雅纸精美包装。','牵着我的手，闭着眼睛走你也不会迷路','本地区各市县、乡镇、街道（市区内免费配送）','免费附送精美贺卡，代写您的祝福。(您下单时可填写留言栏)',1,519,884000,16,'13','book_img/27.jpg','book_img/27.jpg',27,'由于鲜花包扎各地的花艺师不同，可能在花束的形式和搭配上与图片不完全一致，但我们保证鲜花的主花材品种、新鲜程度、数量、颜色与说明一致，谢谢。'),('13D464D1D1344ED593920B472826730','相知相爱','19枝蓝色妖姬，白色满天星间插',498.00,376.00,7.5,'白色欧雅纸、白纱精美包装，同色系缎带束扎','相知是一种宿命，心灵的交汇让我们有数不尽的浪漫情怀','本地区各市县、乡镇、街道（市区内免费配送）','免费附送精美贺卡，代写您的祝福。(您下单时可填写留言栏)',1,889,1760000,16,'16','book_img/28.jpg','book_img/28.jpg',28,'由于鲜花包扎各地的花艺师不同，可能在花束的形式和搭配上与图片不完全一致，但我们保证鲜花的主花材品种、新鲜程度、数量、颜色与说明一致，谢谢。（蓝色妖姬都属于真花特殊工艺染色制成，一般为干花，可长期存放）'),('13D464D1D1344ED5983920B472826730','事事如意','3朵向日葵，6枝香槟玫瑰，2枝多头橙色泡泡玫瑰，尤加利叶、洋甘菊点缀。',299.00,218.00,7.2,'黄绿色双色雾面纸精美包装。','愿你年年欢喜，事事如意。','本地区各市县、乡镇、街道（市区内免费配送）','免费附送精美贺卡，代写您的祝福。(您下单时可填写留言栏)',1,889,1760000,16,'35','book_img/29.jpg','book_img/29.jpg',29,'由于鲜花包扎各地的花艺师不同，可能在花束的形式和搭配上与图片不完全一致，但我们保证鲜花的主花材品种、新鲜程度、数量、颜色与说明一致，谢谢。'),('13D46D1D1344ED5983920B472826730','月光如水','11枝香槟玫瑰，白色满天星间插丰满。',256.00,198.00,7.7,'英文纸加白色欧雅纸精美包装。','雨洗过后，月色格外清澈，月光印着你的脸庞，看着你如水的双眸，感觉真美好。','本地区各市县、乡镇、街道（市区内免费配送）','免费附送精美贺卡，代写您的祝福。(您下单时可填写留言栏)',1,889,1760000,16,'23','book_img/30.jpg','book_img/30.jpg',30,'由于鲜花包扎各地的花艺师不同，可能在花束的形式和搭配上与图片不完全一致，但我们保证鲜花的主花材品种、新鲜程度、数量、颜色与说明一致，谢谢。'),('146A048A4F649AE9008B38EA48FAEBA','温柔浪漫','11枝香槟玫瑰，8枝多头橙色泡泡玫瑰，绿叶点缀。',388.00,288.00,7.4,'马卡龙色欧雅纸精美包装。','花儿静静的绽放，温柔的话儿只说给你听！','本地区各市县、乡镇、街道（市区内免费配送）','免费附送精美贺卡，代写您的祝福。(您下单时可填写留言栏)',1,486,496000,32,'24','book_img/31.jpg','book_img/31.jpg',31,'由于鲜花包扎各地的花艺师不同，可能在花束的形式和搭配上与图片不完全一致，但我们保证鲜花的主花材品种、新鲜程度、数量、颜色与说明一致，谢谢。'),('146A0F48A4F649AE9008B38EA48FAEBA','宠爱一生','19支精品红玫瑰，搭配适量尤加利叶、满天星装饰。送彩灯一串。',512.00,286.00,5.5,'高级黑色欧雅纸圆形精美包装，红色缎带蝴蝶结束扎。','爱你，就是要用一生来宠溺！','本地区各市县、乡镇、街道（市区内免费配送）','免费附送精美贺卡，代写您的祝福。(您下单时可填写留言栏)',1,486,496000,32,'13','book_img/32.jpg','book_img/32.jpg',32,'由于鲜花包扎各地的花艺师不同，可能在花束的形式和搭配上与图片不完全一致，但我们保证鲜花的主花材品种、新鲜程度、数量、颜色与说明一致，谢谢。'),('146A0F48A4F649AE908B38EA48FAEBA','可爱精灵','11枝戴安娜玫瑰，搭配满天星装饰，随机赠送1条串灯',358.00,229.00,6.3,'白色雪梨纸搭配粉色欧雅纸精美包装。','你如那误入凡尘的可爱精灵，善良而美丽','本地区各市县、乡镇、街道（市区内免费配送）','免费附送精美贺卡，代写您的祝福。(您下单时可填写留言栏)',1,486,496000,32,'33','book_img/33.jpg','book_img/33.jpg',33,'由于鲜花包扎各地的花艺师不同，可能在花束的形式和搭配上与图片不完全一致，但我们保证鲜花的主花材品种、新鲜程度、数量、颜色与说明一致，谢谢。'),('14F184188C8B4C7BB32D4E76603426AC','与你共舞','33支精品红玫瑰',683.00,349.00,5.1,'黑色手揉纸+红色欧雅纸包装，红色缎带束扎。','用一世玫瑰，换一生相守，用一生惊艳，换一世温柔。','本地区各市县、乡镇、街道（市区内免费配送）','免费附送精美贺卡，代写您的祝福。(您下单时可填写留言栏)',1,844,1747000,16,'13','book_img/34.jpg','book_img/34.jpg',34,'由于鲜花包扎各地的花艺师不同，可能在花束的形式和搭配上与图片不完全一致，但我们保证鲜花的主花材品种、新鲜程度、数量、颜色与说明一致，谢谢。'),('14F184188C8B4C7BB32D4E7663426AC','恋爱圆舞曲','11枝卡罗拉红玫瑰、搭配白色满天星、黄莺点缀，两只小熊（款式随机），随机赠送彩灯一串。',377.00,199.00,5.2,'白色欧雅纸外围，红色缎带束扎，精美礼盒包装','恋爱是游弋在进退之间，牵手幸福旋转的圆舞曲','本地区各市县、乡镇、街道（市区内免费配送）','免费附送精美贺卡，代写您的祝福。(您下单时可填写留言栏)',1,844,1747000,16,'13','book_img/35.jpg','book_img/35.jpg',35,'由于鲜花包扎各地的花艺师不同，可能在花束的形式和搭配上与图片不完全一致，但我们保证鲜花的主花材品种、新鲜程度、数量、颜色与说明一致，谢谢。'),('15A6F27DCD17461450B26633A0B4605','爱丽丝梦境','99朵戴安娜玫瑰',1455.00,736.00,5.0,'白色雪梨纸+浅粉色雾面纸包装，白色英文缎带','想要一个专属于你我的地方，有鲜嫩的花朵和绿叶，有明媚的阳光，有心心念念的你，有甜蜜的爱情！','本地区各市县、乡镇、街道（市区内免费配送）','免费附送精美贺卡，代写您的祝福。(您下单时可填写留言栏)',1,208,253000,16,'12','book_img/36.jpg','book_img/36.jpg',36,'由于鲜花包扎各地的花艺师不同，可能在花束的形式和搭配上与图片不完全一致，但我们保证鲜花的主花材品种、新鲜程度、数量、颜色与说明一致，谢谢。'),('15A6F27DCD174614850B26633A0B4605','花团锦绣','19朵洛神粉玫瑰，2枝多头白百合，尤加利叶、白色紫罗兰间插点缀',366.00,289.00,7.8,'粉色欧雅纸精美包装。','愿你往后的日子， 如同春日里的繁花，花团锦绣，绚丽多姿，活力满满。','本地区各市县、乡镇、街道（市区内免费配送）','免费附送精美贺卡，代写您的祝福。(您下单时可填写留言栏)',1,208,253000,16,'31','book_img/37.jpg','book_img/37.jpg',37,'由于鲜花包扎各地的花艺师不同，可能在花束的形式和搭配上与图片不完全一致，但我们保证鲜花的主花材品种、新鲜程度、数量、颜色与说明一致，谢谢。'),('15A6F7DCD174614850B26633A0B4605','你是我的唯一','11枝戴安娜粉玫瑰、浅紫勿忘我、尤加利点缀',377.00,199.00,5.2,'外围双色欧雅纸精美包装、内衬白色雪梨纸、玫瑰金丝带蝴蝶结束扎。','倾国倾城是你，山间明月是你，我的心里都是你。','本地区各市县、乡镇、街道（市区内免费配送）','免费附送精美贺卡，代写您的祝福。(您下单时可填写留言栏)',1,208,253000,16,'12','book_img/38.jpg','book_img/38.jpg',38,'由于鲜花包扎各地的花艺师不同，可能在花束的形式和搭配上与图片不完全一致，但我们保证鲜花的主花材品种、新鲜程度、数量、颜色与说明一致，谢谢。'),('15AAC68D64D4D67B1E33E9EAC22B885','旗开得胜','6朵向日葵，6枝绿色桔梗，绿叶尤加利叶间插',585.00,269.00,4.5,'复古牛皮纸和内衬白色雪梨纸包扎，搭配黑色丝带束扎','三年的辛勤奋战终将在今日迎来洗礼，愿你旗开得胜','本地区各市县、乡镇、街道（市区内免费配送）','免费附送精美贺卡，代写您的祝福。(您下单时可填写留言栏)',1,689,983000,16,'73','book_img/39.jpg','book_img/39.jpg',39,'由于鲜花包扎各地的花艺师不同，可能在花束的形式和搭配上与图片不完全一致，但我们保证鲜花的主花材品种、新鲜程度、数量、颜色与说明一致，谢谢。'),('15AACC68D64D4D67B1E33E9EAC22B885','温柔溢满心','11枝戴安娜粉玫瑰 白色满天星 1灯串 1对小熊',299.00,189.00,6.3,'网红英文纸加粉色欧雅纸精美包装。','似少女般的粉嫩温柔，溢满我心','本地区各市县、乡镇、街道（市区内免费配送）','免费附送精美贺卡，代写您的祝福。(您下单时可填写留言栏)',1,689,983000,16,'23','book_img/40.jpg','book_img/40.jpg',40,'由于鲜花包扎各地的花艺师不同，可能在花束的形式和搭配上与图片不完全一致，但我们保证鲜花的主花材品种、新鲜程度、数量、颜色与说明一致，谢谢。'),('15AACC68D64D4D67B1E33E9EC22B885','笑逐颜开','16朵戴安娜粉玫瑰，3朵向日葵，尤加利叶间插点缀。',356.00,288.00,8.0,'白色雪梨纸内衬，粉色雾面纸精美包装。','笑一笑，十年少，青春容颜更美妙；笑一笑，快乐到，烦恼忧愁都跑掉；笑一笑，好运交，无忧无虑生活好！','本地区各市县、乡镇、街道（市区内免费配送）','免费附送精美贺卡，代写您的祝福。(您下单时可填写留言栏)',1,689,983000,16,'44','book_img/41.jpg','book_img/41.jpg',41,'由于鲜花包扎各地的花艺师不同，可能在花束的形式和搭配上与图片不完全一致，但我们保证鲜花的主花材品种、新鲜程度、数量、颜色与说明一致，谢谢。'),('16162799E913423EA5CB57BEC65AB1E9','福寿康宁','粉色康乃馨52枝，红色康乃馨100枝，拼一个“寿”字。',1088.00,999.00,9.1,'红金色双色欧雅纸层叠精美包装。','祝您生日快乐，开心幸福，身体健康，福寿康宁。','本地区各市县、乡镇、街道（市区内免费配送）','免费附送精美贺卡，代写您的祝福。(您下单时可填写留言栏)',1,442,640000,16,'41','book_img/42.jpg','book_img/42.jpg',42,'由于鲜花包扎各地的花艺师不同，可能在花束的形式和搭配上与图片不完全一致，但我们保证鲜花的主花材品种、新鲜程度、数量、颜色与说明一致，谢谢。'),('16162799E913423EA5CB57EC65AB1E9','淳美之爱','15枝碎冰蓝玫瑰，5枝多头白桔梗，尤加利叶间插点缀。',429.00,328.00,7.6,'蓝色欧雅纸加英文纸，内衬白色雪梨纸精美包装。','曾经的纯真岁月，那时的我们自然、淳朴。我对你的爱也一直如此，深沉不虚浮......','本地区各市县、乡镇、街道（市区内免费配送）','免费附送精美贺卡，代写您的祝福。(您下单时可填写留言栏)',1,442,640000,16,'24','book_img/43.jpg','book_img/43.jpg',43,'由于鲜花包扎各地的花艺师不同，可能在花束的形式和搭配上与图片不完全一致，但我们保证鲜花的主花材品种、新鲜程度、数量、颜色与说明一致，谢谢。'),('1693239BC3B3444C8538ABE7411BB38E','蔚蓝星海','19朵碎冰蓝玫瑰，尤加利叶点缀。',429.00,328.00,7.6,'蓝色欧雅纸加英文纸，内衬白色雪梨纸精美包装。','予你偏爱，跨过银河星海。','本地区各市县、乡镇、街道（市区内免费配送）','免费附送精美贺卡，代写您的祝福。(您下单时可填写留言栏)',1,922,1473000,16,'34','book_img/44.jpg','book_img/44.jpg',44,'由于鲜花包扎各地的花艺师不同，可能在花束的形式和搭配上与图片不完全一致，但我们保证鲜花的主花材品种、新鲜程度、数量、颜色与说明一致，谢谢。'),('1693239BC3B3444C8538AE7411BB38E','天盛长歌','9枝多头粉百合，尤加利叶间插点缀，珍珠点缀。',386.00,298.00,7.7,'白色欧雅纸加英文纸精美包装。','真情就像四季盛开的花，无论要经历怎样的风雪骄阳，也无法停止我对你一如既往的倾慕！','本地区各市县、乡镇、街道（市区内免费配送）','免费附送精美贺卡，代写您的祝福。(您下单时可填写留言栏)',1,922,1473000,16,'21','book_img/45.jpg','book_img/45.jpg',45,'由于鲜花包扎各地的花艺师不同，可能在花束的形式和搭配上与图片不完全一致，但我们保证鲜花的主花材品种、新鲜程度、数量、颜色与说明一致，谢谢。'),('17220EF17470401230E066FDFAAD4AD','忠贞不渝','33朵白玫瑰',466.00,346.00,7.4,'白色欧雅纸加透明玻璃纸精美包装。','一心一意,绝不别离','本地区各市县、乡镇、街道（市区内免费配送）','免费附送精美贺卡，代写您的祝福。(您下单时可填写留言栏)',1,380,530000,16,'11','book_img/46.jpg','book_img/46.jpg',46,'由于鲜花包扎各地的花艺师不同，可能在花束的形式和搭配上与图片不完全一致，但我们保证鲜花的主花材品种、新鲜程度、数量、颜色与说明一致，谢谢。'),('17220EF174704012830E066FDFAAD4AD','月光如水','11枝香槟玫瑰，白色满天星间插丰满。',256.00,198.00,7.7,'英文纸加白色欧雅纸精美包装。','雨洗过后，月色格外清澈，月光印着你的脸庞，看着你如水的双眸，感觉真美好。','本地区各市县、乡镇、街道（市区内免费配送）','免费附送精美贺卡，代写您的祝福。(您下单时可填写留言栏)',1,380,530000,16,'52','book_img/47.jpg','book_img/47.jpg',47,'由于鲜花包扎各地的花艺师不同，可能在花束的形式和搭配上与图片不完全一致，但我们保证鲜花的主花材品种、新鲜程度、数量、颜色与说明一致，谢谢。'),('17220F174704012830E066FDFAAD4AD','称心如意','7朵向日葵，2朵香槟玫瑰，5枝多头各色桔梗（粉、白、绿色、香槟色桔梗按图搭配），尤加利叶、洋甘菊点缀。',466.00,279.00,5.9,'橙色双色防水纸，内衬网纱精美包装','祝事事称心如意','本地区各市县、乡镇、街道（市区内免费配送）','免费附送精美贺卡，代写您的祝福。(您下单时可填写留言栏)',1,380,530000,16,'73','book_img/48.jpg','book_img/48.jpg',48,'由于鲜花包扎各地的花艺师不同，可能在花束的形式和搭配上与图片不完全一致，但我们保证鲜花的主花材品种、新鲜程度、数量、颜色与说明一致，谢谢。'),('17437AD03FA456AA7D6154614A43B55','拥抱春天','3朵向日葵，6朵香槟玫瑰，4枝多头橙色泡泡玫瑰，2枝多头白色桔梗，尤加利叶点缀。',399.00,269.00,6.7,'精美手提花篮。','伴着拂面的清风，把这束春天赠予你。','本地区各市县、乡镇、街道（市区内免费配送）','免费附送精美贺卡，代写您的祝福。(您下单时可填写留言栏)',1,450,705000,16,'53','book_img/49.jpg','book_img/49.jpg',49,'由于鲜花包扎各地的花艺师不同，可能在花束的形式和搭配上与图片不完全一致，但我们保证鲜花的主花材品种、新鲜程度、数量、颜色与说明一致，谢谢。'),('17437DAD03FA456AA7D615414A43B55','光芒四溢','3朵向日葵，3朵香槟玫瑰，1枝多头白色桔梗，2枝多头橙色泡泡玫瑰，洋甘菊、尤加利叶点缀。',278.00,189.00,6.7,'橙色双色欧雅纸精美包装。','祝你未来的日子里光芒四溢。','本地区各市县、乡镇、街道（市区内免费配送）','免费附送精美贺卡，代写您的祝福。(您下单时可填写留言栏)',1,450,705000,16,'35','book_img/50.jpg','book_img/50.jpg',50,'由于鲜花包扎各地的花艺师不同，可能在花束的形式和搭配上与图片不完全一致，但我们保证鲜花的主花材品种、新鲜程度、数量、颜色与说明一致，谢谢。'),('17437DAD03FA456AA7D6154614A43B55','乔迁大喜','12朵红色卡罗拉玫瑰，3朵香槟玫瑰，2朵红色康乃馨，3朵向日葵，3枝多头橙色泡泡玫瑰，相思豆、尤加利叶点缀',488.00,329.00,6.7,'精美花篮包装（手提篮）','祝万事顺意，幸福美满，乔迁大吉！','本地区各市县、乡镇、街道（市区内免费配送）','免费附送精美贺卡，代写您的祝福。(您下单时可填写留言栏)',1,450,705000,16,'72','book_img/51.jpg','book_img/51.jpg',51,'由于鲜花包扎各地的花艺师不同，可能在花束的形式和搭配上与图片不完全一致，但我们保证鲜花的主花材品种、新鲜程度、数量、颜色与说明一致，谢谢。'),('178C94641DB4475BBA1E2A07DF9B3AE','暖居如意','19朵红色卡罗拉红玫瑰，8枝多头橙色泡泡玫瑰，尤加利叶间插点缀。',399.00,299.00,7.4,'红色双色欧雅纸加透明纸精美包装。','祝暖居如意，进宅大吉！','本地区各市县、乡镇、街道（市区内免费配送）','免费附送精美贺卡，代写您的祝福。(您下单时可填写留言栏)',1,625,1030400,16,'72','book_img/52.jpg','book_img/52.jpg',52,'由于鲜花包扎各地的花艺师不同，可能在花束的形式和搭配上与图片不完全一致，但我们保证鲜花的主花材品种、新鲜程度、数量、颜色与说明一致，谢谢。'),('178C94641DB4475BBA1E72A07DF9B3AE','温柔岁月','8朵粉色康乃馨，5朵香槟玫瑰，3枝多头白色桔梗，白色紫罗兰、尤加利叶点缀。',299.00,218.00,7.2,'网红英文纸搭配粉色欧雅纸精美包装。','愿岁月温柔待你！愿你生活的兰舟,只载欢愉,不载忧愁。','本地区各市县、乡镇、街道（市区内免费配送）','免费附送精美贺卡，代写您的祝福。(您下单时可填写留言栏)',1,625,1030400,16,'41','book_img/53.jpg','book_img/53.jpg',53,'由于鲜花包扎各地的花艺师不同，可能在花束的形式和搭配上与图片不完全一致，但我们保证鲜花的主花材品种、新鲜程度、数量、颜色与说明一致，谢谢。'),('17A7D7A94E54054841EED1F70C3027C','温暖明媚','19枝粉色康乃馨',366.00,288.00,7.8,'粉色欧雅纸，白色雪梨纸','五月的阳光温暖明媚，不及母爱光芒万丈；母亲节到来了，愿您快乐安康！','本地区各市县、乡镇、街道（市区内免费配送）','免费附送精美贺卡，代写您的祝福。(您下单时可填写留言栏)',2,380,598000,16,'41','book_img/54.jpg','book_img/54.jpg',54,'由于鲜花包扎各地的花艺师不同，可能在花束的形式和搭配上与图片不完全一致，但我们保证鲜花的主花材品种、新鲜程度、数量、颜色与说明一致，谢谢。'),('17A7DA7A94E4054841EED1F70C3027C','暖暖的问候','12枝粉色康乃馨，小雏菊间插丰满。',266.00,198.00,7.4,'网红英文纸加雪梨纸。','暖暖的心意，让花儿传送：请你把这最诚挚的祝福带在身边，让幸福永远伴随你!','本地区各市县、乡镇、街道（市区内免费配送）','免费附送精美贺卡，代写您的祝福。(您下单时可填写留言栏)',2,380,598000,16,'51','book_img/55.jpg','book_img/55.jpg',55,'由于鲜花包扎各地的花艺师不同，可能在花束的形式和搭配上与图片不完全一致，但我们保证鲜花的主花材品种、新鲜程度、数量、颜色与说明一致，谢谢。'),('17A7DA7A94E54054841EED1F70C3027C','时光的温柔','13朵红色康乃馨，珍珠点缀（没有珍珠时随机换彩灯装饰）',266.00,198.00,7.4,'红色欧雅纸，雪梨纸内衬，珍珠装饰','愿时光温柔待你！','本地区各市县、乡镇、街道（市区内免费配送）','免费附送精美贺卡，代写您的祝福。(您下单时可填写留言栏)',2,380,598000,16,'41','book_img/56.jpg','book_img/56.jpg',56,'由于鲜花包扎各地的花艺师不同，可能在花束的形式和搭配上与图片不完全一致，但我们保证鲜花的主花材品种、新鲜程度、数量、颜色与说明一致，谢谢。'),('17EFD9367C9434682A790635D3C5FDF','牵挂你','9枝红色康乃馨，3枝红玫瑰，2朵向日葵，4枝多头橙色泡泡玫瑰',316.00,268.00,8.4,'网红英文纸加红色欧雅纸外围，白色雪梨纸内衬。','你是我最柔的牵挂，我是你最硬的铠甲','本地区各市县、乡镇、街道（市区内免费配送）','免费附送精美贺卡，代写您的祝福。(您下单时可填写留言栏)',1,878,0,16,'51','book_img/57.jpg','book_img/57.jpg',57,'由于鲜花包扎各地的花艺师不同，可能在花束的形式和搭配上与图片不完全一致，但我们保证鲜花的主花材品种、新鲜程度、数量、颜色与说明一致，谢谢。'),('17EFD99367C943468A790635D3C5FDF','灿烂如夏','19枝香槟玫瑰，洋甘菊，尤加利叶点缀',399.00,268.00,6.7,'网红英文纸加明丽的黄色欧雅纸精美包装。','让我一直陪伴着你，像惊鸿一般绚艳，如夏花一样灿烂','本地区各市县、乡镇、街道（市区内免费配送）','免费附送精美贺卡，代写您的祝福。(您下单时可填写留言栏)',1,878,0,16,'17','book_img/59.jpg','book_img/59.jpg',59,'由于鲜花包扎各地的花艺师不同，可能在花束的形式和搭配上与图片不完全一致，但我们保证鲜花的主花材品种、新鲜程度、数量、颜色与说明一致，谢谢。'),('186D36FACB449BEBD940D9307ED4A47','一往情深的祝福','26朵粉雪山玫瑰，5枝白色多头洋桔梗间插点缀。',415.00,319.00,7.6,'浅咖色欧雅纸精美包装。','愿祝福伴随你每一天，早安时让你收获幸福，晚安时让你安然入眠，无论你在哪，请收下我一往情深的祝福！','本地区各市县、乡镇、街道（市区内免费配送）','免费附送精美贺卡，代写您的祝福。(您下单时可填写留言栏)',1,303,0,16,'43','book_img/60.jpg','book_img/60.jpg',60,'由于鲜花包扎各地的花艺师不同，可能在花束的形式和搭配上与图片不完全一致，但我们保证鲜花的主花材品种、新鲜程度、数量、颜色与说明一致，谢谢。'),('186D3F6ACB449BEBD940D9307ED4A47','金色暖阳','52朵香槟玫瑰。',566.00,458.00,8.0,'高级浅色欧雅纸，白色百褶纱精美包装，蝴蝶结装饰。','心有暖阳，满目芬芳。','本地区各市县、乡镇、街道（市区内免费配送）','免费附送精美贺卡，代写您的祝福。(您下单时可填写留言栏)',1,303,0,16,'24','book_img/61.jpg','book_img/61.jpg',61,'由于鲜花包扎各地的花艺师不同，可能在花束的形式和搭配上与图片不完全一致，但我们保证鲜花的主花材品种、新鲜程度、数量、颜色与说明一致，谢谢。'),('186D3F6FACB449BEBD940D9307ED4A47','合家富贵','8朵粉雪山玫瑰，1朵蓝色绣球，4枝多头白色桔梗，白色乒乓菊，洋甘菊、尤加利叶、喷泉草间插点缀丰满。',366.00,288.00,7.8,'蓝色欧雅纸精美包装。','合家欢乐迎富贵，满堂欢喜永平安。','本地区各市县、乡镇、街道（市区内免费配送）','免费附送精美贺卡，代写您的祝福。(您下单时可填写留言栏)',1,303,0,16,'74','book_img/62.jpg','book_img/62.jpg',62,'由于鲜花包扎各地的花艺师不同，可能在花束的形式和搭配上与图片不完全一致，但我们保证鲜花的主花材品种、新鲜程度、数量、颜色与说明一致，谢谢。'),('18723405BA054C13B52357B8F6AEEC24','真心朋友','11枝黄玫瑰，尤加利叶间插点缀。',266.00,189.00,7.1,'浅色欧雅纸，雪梨纸精美包装。','真心朋友清如泉，彼此清澈又甘甜，相互关心与呵护，默默珍惜在心间。','本地区各市县、乡镇、街道（市区内免费配送）','免费附送精美贺卡，代写您的祝福。(您下单时可填写留言栏)',2,433,0,16,'24','book_img/63.jpg','book_img/63.jpg',63,'由于鲜花包扎各地的花艺师不同，可能在花束的形式和搭配上与图片不完全一致，但我们保证鲜花的主花材品种、新鲜程度、数量、颜色与说明一致，谢谢。'),('18723405BA054C13B52357B8F6AEEC4','真诚的道歉','15枝黄玫瑰，洋甘菊间插点缀。',326.00,249.00,7.6,'淡黄色欧雅纸，雪梨纸褶皱造型，圆形包装。','请接受我最诚挚的道歉，对不起，请你原谅！','本地区各市县、乡镇、街道（市区内免费配送）','免费附送精美贺卡，代写您的祝福。(您下单时可填写留言栏)',2,433,0,16,'61','book_img/64.jpg','book_img/64.jpg',64,'由于鲜花包扎各地的花艺师不同，可能在花束的形式和搭配上与图片不完全一致，但我们保证鲜花的主花材品种、新鲜程度、数量、颜色与说明一致，谢谢。'),('18EF76FD21A64510538614DEA85F3F7','阳光心情','19枝黄玫瑰，尤加利叶间插丰满。',336.00,269.00,8.0,'白色欧雅纸加网红英文纸精美包装。','想着 我们曾一起跨过海边， 想着 我们曾一起晒太阳。 想着 我们曾一起坐着小火车, 想着 我们曾手牵手走过曾经。 此刻，我的心情，一如阳光般温暖！','本地区各市县、乡镇、街道（市区内免费配送）','免费附送精美贺卡，代写您的祝福。(您下单时可填写留言栏)',1,586,0,16,'14','book_img/65.jpg','book_img/65.jpg',65,'由于鲜花包扎各地的花艺师不同，可能在花束的形式和搭配上与图片不完全一致，但我们保证鲜花的主花材品种、新鲜程度、数量、颜色与说明一致，谢谢。'),('18EF76FD21A645109538614DEA85F3F7','万事顺遂','1朵蓝色绣球，4枝白色多头洋桔梗，绿铃草、白色小花按图搭配',266.00,189.00,7.1,'白色欧雅纸和半透明雪梨纸精美包装。','祝你家顺，人顺，工作顺，一顺百顺，事事顺！','本地区各市县、乡镇、街道（市区内免费配送）','免费附送精美贺卡，代写您的祝福。(您下单时可填写留言栏)',1,586,0,16,'74','book_img/66.jpg','book_img/66.jpg',66,'由于鲜花包扎各地的花艺师不同，可能在花束的形式和搭配上与图片不完全一致，但我们保证鲜花的主花材品种、新鲜程度、数量、颜色与说明一致，谢谢。'),('18EF7FD21A645109538614DEA85F3F7','虔诚祝福','10朵粉雪山玫瑰，4朵粉色戴安娜玫瑰，1朵碎冰蓝绣球，5枝多头白色桔梗，1枝多头绿桔梗搭配，洋甘菊、尤加利叶间插点缀',416.00,316.00,7.5,'粉色韩素纸加英文纸精美包装','愿我最虔诚的祝福，带给你无尽的喜悦。祝你每一个今天都过得幸福美满，愿你每一个明天都比今天快乐。','本地区各市县、乡镇、街道（市区内免费配送）','免费附送精美贺卡，代写您的祝福。(您下单时可填写留言栏)',1,586,0,16,'72','book_img/67.jpg','book_img/67.jpg',67,'由于鲜花包扎各地的花艺师不同，可能在花束的形式和搭配上与图片不完全一致，但我们保证鲜花的主花材品种、新鲜程度、数量、颜色与说明一致，谢谢。'),('1917F5B19A0948FD9551932909328E4E','好运连连','1朵蓝色绣球，11朵香槟玫瑰，2朵向日葵，3枝多头碎冰蓝桔梗，2枝橙芭比，紫罗兰、尤加利叶、喷泉草间插点缀丰满。',386.00,299.00,7.7,'蓝色欧雅纸精美包装。','愿你好运连连财气多，福气连连幸运多，喜气连连顺心多，快乐连连欢乐多，祝福连连友谊多。','本地区各市县、乡镇、街道（市区内免费配送）','免费附送精美贺卡，代写您的祝福。(您下单时可填写留言栏)',2,605,1037000,16,'73','book_img/68.jpg','book_img/68.jpg',68,'由于鲜花包扎各地的花艺师不同，可能在花束的形式和搭配上与图片不完全一致，但我们保证鲜花的主花材品种、新鲜程度、数量、颜色与说明一致，谢谢。'),('1917F5B1A0948FD9551932909328E4E','笑颜如花','19朵红色康乃馨，2枝多头白百合，满天星、尤加利叶点缀。',386.00,299.00,7.7,'红金色双色欧雅纸，淡黄色雪梨纸精美包装！','祝你有鲜花，有阳光，有爱的事业，时常笑颜如花。','本地区各市县、乡镇、街道（市区内免费配送）','免费附送精美贺卡，代写您的祝福。(您下单时可填写留言栏)',2,605,1037000,16,'71','book_img/69.jpg','book_img/69.jpg',69,'由于鲜花包扎各地的花艺师不同，可能在花束的形式和搭配上与图片不完全一致，但我们保证鲜花的主花材品种、新鲜程度、数量、颜色与说明一致，谢谢。'),('1923901FBF124623BC707920D8936BC8','良师益友','33枝红色康乃馨，白色满天星围边装饰，珍珠点缀。',466.00,336.00,7.2,'红金色双色欧雅纸精美包装！','你是良师，亦是益友，虽不常问候，却把牵挂装心头，虽不常祝福，也把想念放心间。','本地区各市县、乡镇、街道（市区内免费配送）','免费附送精美贺卡，代写您的祝福。(您下单时可填写留言栏)',1,286,443000,16,'41','book_img/70.jpg','book_img/70.jpg',70,'由于鲜花包扎各地的花艺师不同，可能在花束的形式和搭配上与图片不完全一致，但我们保证鲜花的主花材品种、新鲜程度、数量、颜色与说明一致，谢谢。'),('1923901FBF124623BC70792D8936BC8','桃李天下','33枝粉色康乃馨，珍珠蝴蝶结装饰一串（缺货时随机换成珍珠串、灯串、小熊、皇冠等装饰物）',416.00,316.00,7.5,'粉色欧雅纸、粉色雪梨纸精美包装！','粉笔成灰鬓染霜，讲台三尺勤耕耘，春去秋来汗水淌,抱得桃李满园香，离别多年心感念，犹记恩师心中想。','本地区各市县、乡镇、街道（市区内免费配送）','免费附送精美贺卡，代写您的祝福。(您下单时可填写留言栏)',1,286,443000,16,'41','book_img/71.jpg','book_img/71.jpg',71,'由于鲜花包扎各地的花艺师不同，可能在花束的形式和搭配上与图片不完全一致，但我们保证鲜花的主花材品种、新鲜程度、数量、颜色与说明一致，谢谢。'),('192391FBF124623BC707920D8936BC8','护花春泥','18枝粉色康乃馨，15枝红色康乃馨，尤加利叶间插点缀。',416.00,328.00,7.8,'红色欧雅纸、白色雪梨纸精美包装！','落红不是无情物，化作春泥更护花。','本地区各市县、乡镇、街道（市区内免费配送）','免费附送精美贺卡，代写您的祝福。(您下单时可填写留言栏)',1,286,443000,16,'41','book_img/72.jpg','book_img/72.jpg',72,'由于鲜花包扎各地的花艺师不同，可能在花束的形式和搭配上与图片不完全一致，但我们保证鲜花的主花材品种、新鲜程度、数量、颜色与说明一致，谢谢。'),('19A57099EA14026A5C3D10CFC10C22C','师生情','99枝粉色康乃馨，下单即赠送皇冠一顶。',766.00,566.00,7.3,'白色欧雅纸加白纱精美包装！','这种缘分让人珍惜，这种恩情常留心底，这种惦念日久弥新。师生情，人生中的纯真情感，无关利益，无关距离，只有感恩与祝福！','本地区各市县、乡镇、街道（市区内免费配送）','免费附送精美贺卡，代写您的祝福。(您下单时可填写留言栏)',4,479,782000,16,'41','book_img/73.jpg','book_img/73.jpg',73,'由于鲜花包扎各地的花艺师不同，可能在花束的形式和搭配上与图片不完全一致，但我们保证鲜花的主花材品种、新鲜程度、数量、颜色与说明一致，谢谢。'),('19A57D099EA14026A5C3D10CFC10C22C','师恩如海','52枝粉色康乃馨，白色满天星丰满点缀。',556.00,408.00,7.3,'粉色欧雅纸精美包装！','教诲如春风，师恩似海深，桃李遍天下，春晖撒四方。','本地区各市县、乡镇、街道（市区内免费配送）','免费附送精美贺卡，代写您的祝福。(您下单时可填写留言栏)',4,479,782000,16,'41','book_img/74.jpg','book_img/74.jpg',74,'由于鲜花包扎各地的花艺师不同，可能在花束的形式和搭配上与图片不完全一致，但我们保证鲜花的主花材品种、新鲜程度、数量、颜色与说明一致，谢谢。'),('19BF63AC12AD48FCB673F1820888964E','幸福永远','3朵粉色康乃馨，3朵红色康乃馨，白色满天星点缀',148.00,108.00,7.2,'紫粉色双色欧雅纸精美包装！','祝您幸福到永远！','本地区各市县、乡镇、街道（市区内免费配送）','免费附送精美贺卡，代写您的祝福。(您下单时可填写留言栏)',0,0,1746000,16,'32','book_img/75.jpg','book_img/75.jpg',75,'由于鲜花包扎各地的花艺师不同，可能在花束的形式和搭配上与图片不完全一致，但我们保证鲜花的主花材品种、新鲜程度、数量、颜色与说明一致，谢谢。'),('19BF63AC12AD48FCB673F820888964E','与你同在','1枝向日葵，3枝多头泡泡玫瑰，洋甘菊、尤加利叶点缀，1灯串',259.00,159.00,6.1,'网红英文纸加黄色韩素纸精美包装。','愿持续积极热忱，向着太阳绽放，预示始终与你同在！','本地区各市县、乡镇、街道（市区内免费配送）','免费附送精美贺卡，代写您的祝福。(您下单时可填写留言栏)',0,0,1746000,16,'35','book_img/76.jpg','book_img/76.jpg',76,'由于鲜花包扎各地的花艺师不同，可能在花束的形式和搭配上与图片不完全一致，但我们保证鲜花的主花材品种、新鲜程度、数量、颜色与说明一致，谢谢。'),('19BF6AC12AD48FCB673F1820888964E','守护纯真','10枝香槟玫瑰，9枝白玫瑰。',416.00,276.00,6.6,'网红英文纸加灰色欧雅纸，百褶珍珠纱。','在这个充满诱惑和挑战的世界里，有一份如花般纯真的感情，值得我们细细珍惜与呵护','本地区各市县、乡镇、街道（市区内免费配送）','免费附送精美贺卡，代写您的祝福。(您下单时可填写留言栏)',0,0,1746000,16,'34','book_img/77.jpg','book_img/77.jpg',77,'由于鲜花包扎各地的花艺师不同，可能在花束的形式和搭配上与图片不完全一致，但我们保证鲜花的主花材品种、新鲜程度、数量、颜色与说明一致，谢谢。'),('1A57D099EA14026A5C3D10CFC10C22C','开业吉祥','各色扶郎花，绿叶间插，散尾葵叶搭配。',166.00,99.00,5.9,'开业花篮','祝贺你开业兴隆，财兴旺，财源茂盛，达八方。','本地区各市县、乡镇、街道（市区内免费配送）','免费附送精美贺卡，代写您的祝福。(您下单时可填写留言栏)',4,479,782000,16,'82','book_img/78.jpg','book_img/78.jpg',78,'由于鲜花包扎各地的花艺师不同，可能在花束的形式和搭配上与图片不完全一致，但我们保证鲜花的主花材品种、新鲜程度、数量、颜色与说明一致，谢谢。'),('1A5B4042D5B14D6B87A34DABF327387F','大卖','仿真大麦、大麦。(约300枝麦穗)',199.00,129.00,6.4,'三角架开业花篮，白色手揉纸+双面欧雅纸（白色+金色）包装，白色英文丝带+黑色英文丝带束扎。','大麦开业花篮，寓意大卖！','本地区各市县、乡镇、街道（市区内免费配送）','免费附送精美贺卡，代写您的祝福。(您下单时可填写留言栏)',1,1118,1370000,16,'81','book_img/79.jpg','book_img/79.jpg',79,'由于鲜花包扎各地的花艺师不同，可能在花束的形式和搭配上与图片不完全一致，但我们保证鲜花的主花材品种、新鲜程度、数量、颜色与说明一致，谢谢。'),('1A5B442D5B14D6B87A34DABF327387F','一帆风顺','仿真大麦、大麦。(约500枝麦穗)',399.00,289.00,7.2,'白色欧雅纸精美包装。','愿一帆风顺，步步高升！','本地区各市县、乡镇、街道（市区内免费配送）','免费附送精美贺卡，代写您的祝福。(您下单时可填写留言栏)',1,1118,1370000,16,'81','book_img/80.jpg','book_img/80.jpg',80,'由于鲜花包扎各地的花艺师不同，可能在花束的形式和搭配上与图片不完全一致，但我们保证鲜花的主花材品种、新鲜程度、数量、颜色与说明一致，谢谢。'),('1A695342393C4BE48B831FA56B0E5C4','金玉满仓-大麦','仿真大麦、大麦 (约450枝麦穗)。白色满天星点缀。',399.00,299.00,7.4,'黄色双色雾面纸精美包装。','祝大吉大利，财源滚滚！','本地区各市县、乡镇、街道（市区内免费配送）','免费附送精美贺卡，代写您的祝福。(您下单时可填写留言栏)',1,227,400000,16,'81','book_img/81.jpg','book_img/81.jpg',81,'由于鲜花包扎各地的花艺师不同，可能在花束的形式和搭配上与图片不完全一致，但我们保证鲜花的主花材品种、新鲜程度、数量、颜色与说明一致，谢谢。'),('1A695342393C4BE48B831FA5E6B0E5C4','四季发财','各色扶郎花，粉色百合花，红掌，阳兰，散尾葵，天堂鸟，绿叶丰满',571.00,301.00,5.2,'开业花篮','财源通四海，生意畅三春','本地区各市县、乡镇、街道（市区内免费配送）','免费附送精美贺卡，代写您的祝福。(您下单时可填写留言栏)',1,227,400000,16,'82','book_img/82.jpg','book_img/82.jpg',82,'由于鲜花包扎各地的花艺师不同，可能在花束的形式和搭配上与图片不完全一致，但我们保证鲜花的主花材品种、新鲜程度、数量、颜色与说明一致，谢谢。注：（该售价为单个花篮的售价）'),('1B0AB354945411EA69F368D0EA91A00','财运享通','各色扶郎花，红、粉玫瑰，白、粉百合，天堂鸟等，巴西叶、散尾葵叶搭配。',734.00,383.00,5.2,'开业花篮','春意春前草，财源雨后泉。雄心创大业，壮志写春秋。','本地区各市县、乡镇、街道（市区内免费配送）','免费附送精美贺卡，代写您的祝福。(您下单时可填写留言栏)',1,155,258000,16,'82','book_img/83.jpg','book_img/83.jpg',83,'由于鲜花包扎各地的花艺师不同，可能在花束的形式和搭配上与图片不完全一致，但我们保证鲜花的主花材品种、新鲜程度、数量、颜色与说明一致，谢谢。注：（该售价为单个花篮的售价）'),('1B0AB3654945411EA69F368D0EA91A00','顾客迎门','各色扶郎花,白色百合花，香槟玫瑰，散尾葵，巴西叶，紫色绵纸装饰',392.00,188.00,4.7,'开业花篮','敬贺开张，开业大吉','本地区各市县、乡镇、街道（市区内免费配送）','免费附送精美贺卡，代写您的祝福。(您下单时可填写留言栏)',1,155,258000,16,'82','book_img/84.jpg','book_img/84.jpg',84,'由于鲜花包扎各地的花艺师不同，可能在花束的形式和搭配上与图片不完全一致，但我们保证鲜花的主花材品种、新鲜程度、数量、颜色与说明一致，谢谢。注：（该售价为单个花篮的售价）'),('1B0AB654945411EA69F368D0EA91A00','大发利市','百合，康乃馨，剑叶，绿叶等',570.00,291.00,5.1,'高1.7米','祝贺你开业兴隆，财兴旺，财源茂盛，达八方。','本地区各市县、乡镇、街道（市区内免费配送）','免费附送精美贺卡，代写您的祝福。(您下单时可填写留言栏)',1,155,258000,16,'83','book_img/85.jpg','book_img/85.jpg',85,'由于鲜花包扎各地的花艺师不同，可能在花束的形式和搭配上与图片不完全一致，但我们保证鲜花的主花材品种、新鲜程度、数量、颜色与说明一致，谢谢。注：（该售价为单个花篮的售价）'),('1BE0707984014E66BD9F34F534FCE0F7','财通四海','1朵粉绣球，4朵粉百合，3枝天堂鸟，4枝白桔梗，紫色洋兰若干，巴西叶，剑叶、白色金鱼草搭配',963.00,481.00,4.9,'罗马柱支架，高约1.7米','宏图大展，裕业有孚。','本地区各市县、乡镇、街道（市区内免费配送）','免费附送精美贺卡，代写您的祝福。(您下单时可填写留言栏)',1,468,721000,16,'83','book_img/86.jpg','book_img/86.jpg',86,'由于鲜花包扎各地的花艺师不同，可能在花束的形式和搭配上与图片不完全一致，但我们保证鲜花的主花材品种、新鲜程度、数量、颜色与说明一致，谢谢。注：（该售价为单个花篮的售价）'),('1BE0707984014E69B9F34F534FCE0F7','俊业有成','粉色绣球，粉百合，桔梗，紫色蝴蝶兰，巴西叶，罗马柱支架',949.00,478.00,5.0,'开业花篮','俊业有成, 鸿运高照','本地区各市县、乡镇、街道（市区内免费配送）','免费附送精美贺卡，代写您的祝福。(您下单时可填写留言栏)',1,468,721000,16,'83','book_img/87.jpg','book_img/87.jpg',87,'由于鲜花包扎各地的花艺师不同，可能在花束的形式和搭配上与图片不完全一致，但我们保证鲜花的主花材品种、新鲜程度、数量、颜色与说明一致，谢谢。注：（该售价为单个花篮的售价）'),('1C0C785FBEC4DEC802FA36E8B0BC87E','一门瑞气','各色扶朗、白百合、散尾葵等花材。',358.00,179.00,5.0,'三脚架花篮','一门瑞气，万里和风。','本地区各市县、乡镇、街道（市区内免费配送）','免费附送精美贺卡，代写您的祝福。(您下单时可填写留言栏)',1,442,746000,16,'83','book_img/88.jpg','book_img/88.jpg',88,'由于鲜花包扎各地的花艺师不同，可能在花束的形式和搭配上与图片不完全一致，但我们保证鲜花的主花材品种、新鲜程度、数量、颜色与说明一致，谢谢。注：（该售价为单个花篮的售价）'),('1C0C785FFBEC4DEC802FA36E8B0BC87E','宏图伟业','3朵粉百合、30朵粉色扶朗，散尾叶',363.00,199.00,5.4,'开业花篮','敬贺开张，并祝吉祥','本地区各市县、乡镇、街道（市区内免费配送）','免费附送精美贺卡，代写您的祝福。(您下单时可填写留言栏)',1,442,746000,16,'83','book_img/89.jpg','book_img/89.jpg',89,'由于鲜花包扎各地的花艺师不同，可能在花束的形式和搭配上与图片不完全一致，但我们保证鲜花的主花材品种、新鲜程度、数量、颜色与说明一致，谢谢。注：（该售价为单个花篮的售价）'),('1C232CD9B6E6411BBBB1A5B781D2C3C9','财源滚滚来-大麦','仿真大麦、大麦。(约600枝麦穗)',559.00,339.00,6.0,'精美手提竹篮。','开业大吉，万事顺利；人脉亨通，发财添喜!财源滚滚来！','本地区各市县、乡镇、街道（市区内免费配送）','免费附送精美贺卡，代写您的祝福。(您下单时可填写留言栏)',1,1024,16704000,16,'81','book_img/90.jpg','book_img/90.jpg',90,'由于鲜花包扎各地的花艺师不同，可能在花束的形式和搭配上与图片不完全一致，但我们保证鲜花的主花材品种、新鲜程度、数量、颜色与说明一致，谢谢。'),('1C232CD9B6E6411BBBBA5B781D2C3C9','姻缘相配','33枝卡罗拉红玫瑰，囍字卡片一张。',426.00,326.00,7.6,'白色欧雅纸，白色雪梨纸，白色仙女纱，红色缎带蝴蝶结系扎。','树缠树绕树，相拥到耋耄。举案齐眉生，扶携度终生。喜结连理日，恭祝幸福随。大喜的日子，祝你们明天的生活像今天的婚礼一样幸福甜美！','本地区各市县、乡镇、街道（市区内免费配送）','免费附送精美贺卡，代写您的祝福。(您下单时可填写留言栏)',1,1024,16704000,16,'92','book_img/91.jpg','book_img/91.jpg',91,'由于鲜花包扎各地的花艺师不同，可能在花束的形式和搭配上与图片不完全一致，但我们保证鲜花的主花材品种、新鲜程度、数量、颜色与说明一致，谢谢。'),('1C36FD53A1514312A0A9ADD53A583886','百年琴瑟','11朵卡罗拉红玫瑰，8朵卡布奇洛玫瑰，装饰珍珠一串，囍字卡片一张。',366.00,279.00,7.6,'红色欧雅纸，浅色雪梨纸褶皱造型，按图精美包装。','比翼双飞开新宇，瑟琴和奏神仙侣。','本地区各市县、乡镇、街道（市区内免费配送）','免费附送精美贺卡，代写您的祝福。(您下单时可填写留言栏)',1,118,98000,32,'92','book_img/92.jpg','book_img/92.jpg',92,'由于鲜花包扎各地的花艺师不同，可能在花束的形式和搭配上与图片不完全一致，但我们保证鲜花的主花材品种、新鲜程度、数量、颜色与说明一致，谢谢。'),('1C36FD53A1514312A0A9ADD53A58886','婚礼进行曲','19枝卡罗拉红玫瑰，蝴蝶结头纱装饰',366.00,288.00,7.8,'白色欧雅纸，白色雪梨纸褶皱造型，蝴蝶结头纱装饰，按图精美包装。','婚礼进行曲,把祝福唱起来,让我们携手走过美好人生,永远幸福美满。','本地区各市县、乡镇、街道（市区内免费配送）','免费附送精美贺卡，代写您的祝福。(您下单时可填写留言栏)',1,118,98000,32,'92','book_img/93.jpg','book_img/93.jpg',93,'由于鲜花包扎各地的花艺师不同，可能在花束的形式和搭配上与图片不完全一致，但我们保证鲜花的主花材品种、新鲜程度、数量、颜色与说明一致，谢谢。'),('1CB64DF0084E486EBF173F729A3A30A','喜结良缘','33枝卡罗拉红玫瑰，珍珠装饰一串',446.00,338.00,7.5,'红色绒布，浅色雪梨纸褶皱造型，按图精美包装。','你们本就是天生一对，地造一双，而今共偕连理，今后更需彼此宽容、互相照顾，祝福你们!','本地区各市县、乡镇、街道（市区内免费配送）','免费附送精美贺卡，代写您的祝福。(您下单时可填写留言栏)',1,0,0,16,'92','book_img/94.jpg','book_img/94.jpg',94,'由于鲜花包扎各地的花艺师不同，可能在花束的形式和搭配上与图片不完全一致，但我们保证鲜花的主花材品种、新鲜程度、数量、颜色与说明一致，谢谢。'),('1CB64DF0084E486EBF173F729A3A630A','心形婚车花','心形车头：9枝橘色拉丝扶郎、33枝洋牡丹、52枝香槟玫瑰搭配长叶尤加利，洋甘菊，绿桔梗；车尾：9枝橘色拉丝扶郎，25枝香槟玫瑰，19枝洋牡丹搭配长叶尤加利，洋甘菊，绿桔梗',4299.00,2299.00,5.3,'婚车装饰','谨以白头之约，书向鸿笺，好将红叶之盟，载明鸳谱','本地区各市县、乡镇、街道（市区内免费配送）','免费附送精美贺卡，代写您的祝福。(您下单时可填写留言栏)',1,0,0,16,'94','book_img/95.jpg','book_img/95.jpg',95,'由于鲜花包扎各地的花艺师不同，可能在花束的形式和搭配上与图片不完全一致，但我们保证鲜花的主花材品种、新鲜程度、数量、颜色与说明一致，谢谢。'),('1CD79C0258F477AB841518D9312E843','气球婚车花','13个粉白气球、11枝粉雪山、19枝白玫瑰，搭配白桔梗、粉色满天星、尤加利叶、龟背叶',2296.00,1099.00,4.7,'婚车装饰','两姓姻缘，一堂缔约，良缘永结，匹配同称','本地区各市县、乡镇、街道（市区内免费配送）','免费附送精美贺卡，代写您的祝福。(您下单时可填写留言栏)',1,359,446400,16,'91','book_img/96.jpg','book_img/96.jpg',96,'由于鲜花包扎各地的花艺师不同，可能在花束的形式和搭配上与图片不完全一致，但我们保证鲜花的主花材品种、新鲜程度、数量、颜色与说明一致，谢谢。'),('1CD79C20258F477AB841518D9312E843','圆形婚车花','36枝红玫瑰，19枝金辉玫瑰，搭配黄色泡泡玫瑰、长叶尤加利',2899.00,1199.00,4.1,'婚车装饰','你是藏在花里的芬芳，也是我穷极一生想要寻求的宝藏','本地区各市县、乡镇、街道（市区内免费配送）','免费附送精美贺卡，代写您的祝福。(您下单时可填写留言栏)',1,359,446400,16,'92','book_img/97.jpg','book_img/97.jpg',97,'由于鲜花包扎各地的花艺师不同，可能在花束的形式和搭配上与图片不完全一致，但我们保证鲜花的主花材品种、新鲜程度、数量、颜色与说明一致，谢谢。'),('1D1C005E4A04DCA881DA8689E21D4D0','喜庆婚车花','5枝黄玫瑰，21枝金辉玫瑰，19枝橘色泡泡玫瑰，搭配粉桔梗、洋甘菊、尤加利叶',2259.00,1099.00,4.8,'婚车装饰',' 我爱你，昨日如此，今日如此，今后永远如此','本地区各市县、乡镇、街道（市区内免费配送）','免费附送精美贺卡，代写您的祝福。(您下单时可填写留言栏)',1,212,286000,16,'93','book_img/98.jpg','book_img/98.jpg',98,'由于鲜花包扎各地的花艺师不同，可能在花束的形式和搭配上与图片不完全一致，但我们保证鲜花的主花材品种、新鲜程度、数量、颜色与说明一致，谢谢。'),('1D1CB005E404DCA881DA8689E21D4D0','珠联璧合-新娘手捧花','3支淡绿色绣球+2支白色绣球，搭配适量绿叶',566.00,289.00,5.1,'新娘手捧花','珍珠应当配碧玉，愿我们常怀对未来的希冀与欢喜','本地区各市县、乡镇、街道（市区内免费配送）','免费附送精美贺卡，代写您的祝福。(您下单时可填写留言栏)',1,212,286000,16,'95','book_img/99.jpg','book_img/99.jpg',99,'由于鲜花包扎各地的花艺师不同，可能在花束的形式和搭配上与图片不完全一致，但我们保证鲜花的主花材品种、新鲜程度、数量、颜色与说明一致，谢谢。'),('1D1CB005E4A04DCA881DA8689E21D4D0','金玉良缘','16朵卡罗拉红玫瑰，珍珠点缀',338.00,239.00,7.0,'新娘手捧花，百褶纱精美包装。','金玉良缘，天作之合，郎才女貌，喜结同心，福禄财气，统统带到。祝你们新婚快乐。','本地区各市县、乡镇、街道（市区内免费配送）','免费附送精美贺卡，代写您的祝福。(您下单时可填写留言栏)',1,212,286000,16,'92','book_img/100.jpg','book_img/100.jpg',100,'由于鲜花包扎各地的花艺师不同，可能在花束的形式和搭配上与图片不完全一致，但我们保证鲜花的主花材品种、新鲜程度、数量、颜色与说明一致，谢谢。'),('1D257176A6934CB79427CEC37E69249F','携手共进','19枝卡罗拉红玫瑰搭配栀子叶',501.00,256.00,5.1,'新娘手捧花','凤冠霞帔一世长安，此生清风明月常伴天涯','本地区各市县、乡镇、街道（市区内免费配送）','免费附送精美贺卡，代写您的祝福。(您下单时可填写留言栏)',1,624,997000,16,'92','book_img/101.jpg','book_img/101.jpg',101,'由于鲜花包扎各地的花艺师不同，可能在花束的形式和搭配上与图片不完全一致，但我们保证鲜花的主花材品种、新鲜程度、数量、颜色与说明一致，谢谢。'),('1D257176A6934CB79427EC37E69249F','永结同心','19朵卡罗拉红玫瑰，珍珠点缀',366.00,258.00,7.0,'新娘手捧花','祝愿新人共花之晨，共月之夕，共年年岁岁，岁岁年年！','本地区各市县、乡镇、街道（市区内免费配送）','免费附送精美贺卡，代写您的祝福。(您下单时可填写留言栏)',1,624,997000,16,'92','book_img/102.jpg','book_img/102.jpg',102,'由于鲜花包扎各地的花艺师不同，可能在花束的形式和搭配上与图片不完全一致，但我们保证鲜花的主花材品种、新鲜程度、数量、颜色与说明一致，谢谢。'),('1D25776A6934CB79427CEC37E69249F','举案齐眉','21朵香槟玫瑰，白色满天星间插点缀',399.00,288.00,7.2,'新娘手捧花','白首齐眉，鸳鸯比翼，祝你们新婚快乐，百年好合。','本地区各市县、乡镇、街道（市区内免费配送）','免费附送精美贺卡，代写您的祝福。(您下单时可填写留言栏)',1,624,997000,16,'94','book_img/103.jpg','book_img/103.jpg',103,'由于鲜花包扎各地的花艺师不同，可能在花束的形式和搭配上与图片不完全一致，但我们保证鲜花的主花材品种、新鲜程度、数量、颜色与说明一致，谢谢。'),('497EAA7D87E44C578C104FA89437C327','幸福相伴','11枝粉色康乃馨，2枝向日葵，尤加利叶。',266.00,199.00,7.4,'粉色欧雅纸，白色雪梨纸。','情不及久伴，厚爱无需多言','本地区各市县、乡镇、街道（市区内免费配送）','免费附送精美贺卡，代写您的祝福。(您下单时可填写留言栏)',1,878,0,16,'22','book_img/75.jpg','book_img/75.jpg',58,'由于鲜花包扎各地的花艺师不同，可能在花束的形式和搭配上与图片不完全一致，但我们保证鲜花的主花材品种、新鲜程度、数量、颜色与说明一致，谢谢。');
/*!40000 ALTER TABLE `t_book` ENABLE KEYS */;
UNLOCK TABLES;

--
-- Table structure for table `t_cartitem`
--

DROP TABLE IF EXISTS `t_cartitem`;
/*!40101 SET @saved_cs_client     = @@character_set_client */;
/*!50503 SET character_set_client = utf8mb4 */;
CREATE TABLE `t_cartitem` (
  `cartItemId` char(32) NOT NULL,
  `quantity` int DEFAULT NULL,
  `bid` char(32) DEFAULT NULL,
  `uid` char(32) DEFAULT NULL,
  `orderBy` int NOT NULL AUTO_INCREMENT,
  PRIMARY KEY (`cartItemId`),
  KEY `orderBy` (`orderBy`),
  KEY `FK_t_cartitem_t_user` (`uid`),
  KEY `FK_t_cartitem_t_book` (`bid`),
  CONSTRAINT `FK_t_cartitem_t_book` FOREIGN KEY (`bid`) REFERENCES `t_book` (`bid`),
  CONSTRAINT `FK_t_cartitem_t_user` FOREIGN KEY (`uid`) REFERENCES `t_user` (`uid`)
) ENGINE=InnoDB AUTO_INCREMENT=27 DEFAULT CHARSET=utf8mb3;
/*!40101 SET character_set_client = @saved_cs_client */;

--
-- Dumping data for table `t_cartitem`
--

LOCK TABLES `t_cartitem` WRITE;
/*!40000 ALTER TABLE `t_cartitem` DISABLE KEYS */;
INSERT INTO `t_cartitem` VALUES ('73D89E5B889D48D8995DF198BF55D925',1,'123E6E8A6B94E27B6E2ABD39DC21AF5','F3A7248D5E3541B7838014A700773154',20),('91CD99222438416D8EC5AC45CB8CF21C',2,'123E6E8A6DB94E27B6E2ABD39DC21AF5','F3A7248D5E3541B7838014A700773154',19),('AD5FD429602A45FA85E3F8BEF7BD2CD8',1,'1917F5B19A0948FD9551932909328E4E','F3A7248D5E3541B7838014A700773154',26),('B8939FC55131469CAB11E3924D40186B',1,'126B8F31C5D04F61A72F66679A0CCFFD','x',21);
/*!40000 ALTER TABLE `t_cartitem` ENABLE KEYS */;
UNLOCK TABLES;

--
-- Table structure for table `t_category`
--

DROP TABLE IF EXISTS `t_category`;
/*!40101 SET @saved_cs_client     = @@character_set_client */;
/*!50503 SET character_set_client = utf8mb4 */;
CREATE TABLE `t_category` (
  `cid` char(32) NOT NULL,
  `cname` varchar(50) DEFAULT NULL,
  `pid` char(32) DEFAULT NULL,
  `desc` varchar(100) DEFAULT NULL,
  `orderBy` int NOT NULL AUTO_INCREMENT,
  PRIMARY KEY (`cid`),
  KEY `FK_t_category_t_category` (`pid`),
  KEY `orderBy` (`orderBy`),
  CONSTRAINT `t_category_t_category_cid_fk` FOREIGN KEY (`pid`) REFERENCES `t_category` (`cid`)
) ENGINE=InnoDB AUTO_INCREMENT=48 DEFAULT CHARSET=utf8mb3;
/*!40101 SET character_set_client = @saved_cs_client */;

--
-- Dumping data for table `t_category`
--

LOCK TABLES `t_category` WRITE;
/*!40000 ALTER TABLE `t_category` DISABLE KEYS */;
INSERT INTO `t_category` VALUES ('1','爱情鲜花',NULL,'爱情鲜花分类',1),('11','白玫瑰','1','白玫瑰',10),('12','粉玫瑰','1','粉玫瑰',11),('13','红玫瑰','1','红玫瑰',12),('14','黄玫瑰','1','黄玫瑰',13),('15','混搭','1','混搭',14),('16','蓝色妖姬','1','蓝色妖姬',15),('17','香槟玫瑰','1','香槟玫瑰',16),('2','友情鲜花',NULL,'友情鲜花分类',2),('21','百合','2','百合',17),('22','康乃馨','2','康乃馨',18),('23','满天星','2','满天星',19),('24','玫瑰','2','玫瑰',20),('25','向日葵','2','向日葵',21),('3','生日鲜花',NULL,'生日鲜花分类',3),('31','百合','3','百合',22),('32','康乃馨','3','康乃馨',23),('33','满天星','3','满天星',24),('34','玫瑰','3','玫瑰',25),('35','向日葵','3','向日葵',26),('4','老师长辈',NULL,'老师长辈鲜花分类',4),('41','康乃馨','4','康乃馨',27),('42','满天星','4','满天星',28),('43','玫瑰','4','玫瑰',29),('44','向日葵','4','向日葵',30),('5','探病慰问',NULL,'探病慰问鲜花分类',5),('51','康乃馨','5','康乃馨',31),('52','满天星','5','满天星',32),('53','向日葵','5','向日葵',33),('6','道歉鲜花',NULL,'道歉鲜花分类',6),('61','黄玫瑰','6','黄玫瑰',34),('7','祝福庆贺',NULL,'祝福庆贺鲜花分类',7),('71','康乃馨','7','康乃馨',35),('72','玫瑰','7','玫瑰',36),('73','向日葵','7','向日葵',37),('74','绣球','7','绣球',38),('8','商务用花',NULL,'商务用花分类',8),('81','大麦','8','大麦',39),('82','扶郎','8','扶郎',40),('83','混搭','8','混搭',41),('9','婚庆鲜花',NULL,'婚庆鲜花分类',9),('91','白玫瑰','9','白玫瑰',42),('92','红玫瑰','9','红玫瑰',43),('93','金辉玫瑰','9','金辉玫瑰',44),('94','香槟玫瑰','9','香槟玫瑰',45),('95','绣球','9','绣球',46);
/*!40000 ALTER TABLE `t_category` ENABLE KEYS */;
UNLOCK TABLES;

--
-- Table structure for table `t_order`
--

DROP TABLE IF EXISTS `t_order`;
/*!40101 SET @saved_cs_client     = @@character_set_client */;
/*!50503 SET character_set_client = utf8mb4 */;
CREATE TABLE `t_order` (
  `oid` char(32) NOT NULL,
  `ordertime` char(19) DEFAULT NULL,
  `total` decimal(10,2) DEFAULT NULL,
  `status` int DEFAULT NULL,
  `address` varchar(1000) DEFAULT NULL,
  `uid` char(32) DEFAULT NULL,
  PRIMARY KEY (`oid`),
  KEY `FK_t_order_t_user` (`uid`),
  CONSTRAINT `FK_t_order_t_user` FOREIGN KEY (`uid`) REFERENCES `t_user` (`uid`)
) ENGINE=InnoDB DEFAULT CHARSET=utf8mb3;
/*!40101 SET character_set_client = @saved_cs_client */;

--
-- Dumping data for table `t_order`
--

LOCK TABLES `t_order` WRITE;
/*!40000 ALTER TABLE `t_order` DISABLE KEYS */;
INSERT INTO `t_order` VALUES ('058F48DA33694C6D8F5C2C13F3D26CEA','2023/12/26 21:47',288.00,1,'广东省揭阳市揭东县 李女士 ','32DB3700D2564254982BC58B0E4D95BC'),('065056EFA3914273B6B266A2414A38FA','2023/1/1 17:04',188.00,4,'上海市徐汇区华山路1954号 樊小胖','32DB3700D2564254982BC58B0E4D95BC'),('0A1F4C5BDE754277B984D1E7E763051D','2023/1/16 15:18',269.00,5,'广东省广州市海珠区新港西路135号 石一七','32DB3700D2564254982BC58B0E4D95BC'),('0ADCEE0510844D2697E7A5C0903A8D3B','2023/1/16 15:13',349.00,1,'广东省广州市海珠区新港西路135号 石一七','32DB3700D2564254982BC58B0E4D95BC'),('0B657B624D8D4B919B7E5F175AA90530','2023/1/16 15:06',1099.00,1,'广东省广州市海珠区新港西路135号 石一七','32DB3700D2564254982BC58B0E4D95BC'),('0CA1A9B0287C43B2AA9435F11F237E9B','2023/2/6 15:21',198.00,2,'广东省广州市海珠区新港西路135号 石一七','531D8A16D524478D86F8A115FE95D93F'),('0CD9939DC9AE4DA2A12F772293F55A4B','2023/1/16 15:12',288.00,1,'广东省广州市海珠区新港西路135号 石一七','32DB3700D2564254982BC58B0E4D95BC'),('0FBC5F415EF94161AF2937A07EFD8DE8','2023/1/1 14:18',199.00,4,'上海市徐汇区华山路1954号 樊小胖','32DB3700D2564254982BC58B0E4D95BC'),('0FD72F77655D43E2B7989892E965864D','2023/12/30 20:05',704.00,1,'上海市徐汇区华山路1954号 樊小胖','32DB3700D2564254982BC58B0E4D95BC'),('148668BE43754CE2B64A0AC999C5A2D5','2023/1/16 14:51',873.00,1,'广东省广州市海珠区新港西路135号 石一七','32DB3700D2564254982BC58B0E4D95BC'),('159B58B3BBCB4069A550BF1A358B4905','2023/2/7 1:17',191.00,3,'广东省广州市海珠区新港西路135号 石一七','531D8A16D524478D86F8A115FE95D93F'),('15A89AB272394F359EA26A2E15F13405','2023/12/30 20:06',336.00,5,'上海市徐汇区华山路1954号 樊小胖','32DB3700D2564254982BC58B0E4D95BC'),('161A05BEBBAA468199131EAD175CCFEA','2023/1/16 14:58',1099.00,1,'广东省广州市海珠区新港西路135号 石一七','32DB3700D2564254982BC58B0E4D95BC'),('1AFEC52D72C74266A6E36F83F9910B4F','2023/1/16 15:12',189.00,5,'广东省广州市海珠区新港西路135号 石一七','32DB3700D2564254982BC58B0E4D95BC'),('1D640078E4A64AC987FEA7299B57A2F6','2023/1/1 13:57',169.00,4,'广西南宁市大学东路100号 李先生','32DB3700D2564254982BC58B0E4D95BC'),('2AFD7DC9619548BA8727464D77AFB9C2','2023/1/16 14:59',1199.00,1,'广东省广州市海珠区新港西路135号 石一七','32DB3700D2564254982BC58B0E4D95BC'),('2D9FF0BFB82842CFAA4B623D5997BF1F','2023/1/1 14:17',298.00,4,'上海市徐汇区华山路1954号 樊小胖','32DB3700D2564254982BC58B0E4D95BC'),('303E12F4821A4B3F9DB97B23947220C7','2023/12/26 22:00',328.00,2,'广东省揭阳市揭东县 李女士 ','32DB3700D2564254982BC58B0E4D95BC'),('3143492834294128ADCFD1DAC3530396','2023/1/1 14:16',299.00,4,'上海市徐汇区华山路1954号 樊小胖','32DB3700D2564254982BC58B0E4D95BC'),('32739173C1E247558358B1A8FE9FE012','2023/1/16 15:04',329.00,1,'广东省广州市海珠区新港西路135号 石一七','32DB3700D2564254982BC58B0E4D95BC'),('33D163070CE74936966AE177F3E09B20','2023/1/1 17:04',269.00,4,'上海市徐汇区华山路1954号 樊小胖','32DB3700D2564254982BC58B0E4D95BC'),('349C00D493D1446C9FF542827EC1F63C','2023/12/6 11:46',189.00,5,'广东省广州市海珠区新港西路135号 石一七','F3A7248D5E3541B7838014A700773154'),('39D3AE4F3BB04385AAC4D3090ADD593B','2023-12-09 19:14:13',617.00,2,'广东省广州市番禺区广州大学城外环东路382号 梁王','xx'),('3DE77E39A98742B99606FA53A60E52EA','2023/12/8 20:47',1951.00,1,'广东省广州市番禺区广州大学城外环东路382号 梁王','F3A7248D5E3541B7838014A700773154'),('49127E9642C5474FA8F2139204DE571C','2023/1/1 14:17',239.00,4,'上海市徐汇区华山路1954号 樊小胖','32DB3700D2564254982BC58B0E4D95BC'),('4B49D55D2CD34DB480A2CDF1A78858E8','2023/1/1 14:18',249.00,4,'上海市徐汇区华山路1954号 樊小胖','32DB3700D2564254982BC58B0E4D95BC'),('553AFF48D76A48AD89ED3FE8F7E2F587','2023/12/26 21:54',357.00,4,'上海市 上海市 浦东新区 张凡尘','32DB3700D2564254982BC58B0E4D95BC'),('5668668DAB1F4406819D37881BC5D5B1','2023/1/2 10:23',299.00,4,'西藏昌都地区八宿县 李四 ','32DB3700D2564254982BC58B0E4D95BC'),('57197A448F9A4F15B76B1ED1EB3A15E6','2023/1/16 14:56',326.00,1,'广东省广州市海珠区新港西路135号 石一七','32DB3700D2564254982BC58B0E4D95BC'),('574A31876CA246D4A10C0600EF5CF8A5','2023/2/6 15:08',198.00,2,'广东省广州市海珠区新港西路135号 石一七','531D8A16D524478D86F8A115FE95D93F'),('57856B1A295B437CA0F7991540897B47','2023/1/16 15:11',458.00,1,'广东省广州市海珠区新港西路135号 石一七','32DB3700D2564254982BC58B0E4D95BC'),('59A15DD3A0704508B1C2BC9B682A329F','2023/2/7 16:55',199.00,3,'广东省广州市海珠区新港西路135号 石一七','531D8A16D524478D86F8A115FE95D93F'),('5D39377E88E049F8BA19173BAFF295CB','2023/1/1 14:18',189.00,4,'广东省揭阳市揭东县 李女士 ','32DB3700D2564254982BC58B0E4D95BC'),('5FB1E131DD294CBBA34FE93228DF2F02','2023/1/16 14:48',1245.00,1,'广东省广州市海珠区新港西路135号 石一七','32DB3700D2564254982BC58B0E4D95BC'),('605B9D163C1345B6A636D80720794CE8','2023/1/1 14:17',269.00,4,'广东省揭阳市揭东县 李女士 ','32DB3700D2564254982BC58B0E4D95BC'),('6504C742FE65413494E028E714D4D609','2023/1/16 14:54',999.00,1,'广东省广州市海珠区新港西路135号 石一七','32DB3700D2564254982BC58B0E4D95BC'),('673170D78D9D4EE6AE083167CFB81C1A','2023/2/6 15:34',279.00,2,'广东省广州市海珠区新港西路135号 石一七','531D8A16D524478D86F8A115FE95D93F'),('674878FE6CAB48918DB4A9688262FBD5','2023/1/16 15:10',289.00,1,'广东省广州市海珠区新港西路135号 石一七','32DB3700D2564254982BC58B0E4D95BC'),('6C921E50C3E54EA0AFD8CC4B661963AD','2023/2/7 0:40',289.00,3,'广东省广州市海珠区新港西路135号 石一七','531D8A16D524478D86F8A115FE95D93F'),('7237A47B1B5B4A78822D662AE01671B6','2023/2/8 10:10',488.00,5,'广东省广州市海珠区新港西路135号 石一七','531D8A16D524478D86F8A115FE95D93F'),('75B7D65D4F5A43CD83605FDE38D7E10C','2023/1/1 14:17',289.00,4,'上海市徐汇区华山路1954号 樊小胖','32DB3700D2564254982BC58B0E4D95BC'),('7858221EA1DF4B318A632A9C1CD3E1F7','2023/1/16 15:02',276.00,1,'广东省广州市海珠区新港西路135号 石一七','32DB3700D2564254982BC58B0E4D95BC'),('7B3FA2910C9149829AB1EF3A39C4785F','2023/12/31 23:37',189.00,1,'上海市徐汇区华山路1954号 樊小胖','32DB3700D2564254982BC58B0E4D95BC'),('8BB662E4C0444BC88F1DBE82584595BC','2023/12/31 23:35',478.00,4,'上海市徐汇区华山路1954号 樊小胖','32DB3700D2564254982BC58B0E4D95BC'),('93576BB2F43C47F89B4DD7B91F5DF5E3','2023/1/1 14:18',269.00,4,'上海市徐汇区华山路1954号 樊小胖','32DB3700D2564254982BC58B0E4D95BC'),('96C6D91D916E472681EEC37B1770DE87','2023/12/31 23:37',189.00,4,'上海市徐汇区华山路1954号 樊小胖','32DB3700D2564254982BC58B0E4D95BC'),('9721A3FBC37D490588AEE02F761744E2','2023/1/1 14:17',346.00,4,'上海市徐汇区华山路1954号 樊小胖','32DB3700D2564254982BC58B0E4D95BC'),('984468779C164A6098A7FE7EECE9E273','2023/1/16 15:16',789.00,5,'广东省广州市海珠区新港西路135号 石一七','32DB3700D2564254982BC58B0E4D95BC'),('9E1C0A9FDF1F49B18FA0BFA33E132BDD','2023/1/16 15:05',291.00,1,'广东省广州市海珠区新港西路135号 石一七','32DB3700D2564254982BC58B0E4D95BC'),('9F63663AB2604F008E5D8150640DCE48','2023-12-10 11:33:36',259.00,2,'广东省广州市番禺区广州大学城外环东路382号 梁王','xxx'),('A2DB4A7B4EA640ADA63F22A7E8311F4B','2023/1/16 14:51',873.00,1,'广东省广州市海珠区新港西路135号 石一七','32DB3700D2564254982BC58B0E4D95BC'),('B62C7C1BA61C47C4BCEC4BE96897A72C','2023/1/16 15:16',198.00,1,'广东省广州市海珠区新港西路135号 石一七','32DB3700D2564254982BC58B0E4D95BC'),('B69C6849120D4B28A6CCF99351B88575','2023/2/5 18:56',903.00,2,'广东省广州市海珠区新港西路135号 石一七','531D8A16D524478D86F8A115FE95D93F'),('BB7789E41C524030832B7E5E426633E7','2023/2/5 18:55',477.00,2,'广东省广州市海珠区新港西路135号 石一七','531D8A16D524478D86F8A115FE95D93F'),('BD1BD9AB58B1413FA0BDC0AACCC8C65F','2023/12/26 21:40',347.00,1,'上海市徐汇区华山路1954号 樊小胖','32DB3700D2564254982BC58B0E4D95BC'),('BDB995AF80D34716ABB9D10CB6962F87','2023/12/27 11:58',383.00,3,'广东省揭阳市揭东县 李女士 ','32DB3700D2564254982BC58B0E4D95BC'),('BE24BB4187B1472AA08E206BF8B0ABF7','2023/12/30 20:08',286.00,3,'上海市徐汇区华山路1954号 樊小胖','32DB3700D2564254982BC58B0E4D95BC'),('C0841F4DFE7A43BFB183E4E82AE7914C','2023/1/1 13:48',189.00,4,'梁场 西藏 那曲地区 巴青县','32DB3700D2564254982BC58B0E4D95BC'),('C34F025EF6BB4B88A8409B00A0ABC891','2023/1/16 15:02',338.00,1,'广东省广州市海珠区新港西路135号 石一七','32DB3700D2564254982BC58B0E4D95BC'),('C4A1E40F2F514684BCD97F9EE76A701F','2023/1/1 14:16',199.00,4,'上海市徐汇区华山路1954号 樊小胖','32DB3700D2564254982BC58B0E4D95BC'),('C6F8379F9E3E4F8381763B54E5BF986C','2023/2/7 11:02',299.00,3,'广东省广州市海珠区新港西路135号 石一七','531D8A16D524478D86F8A115FE95D93F'),('CBB735CB5F084C1BB80FF5998F811E63','2023/1/1 14:18',279.00,4,'上海市徐汇区华山路1954号 樊小胖','32DB3700D2564254982BC58B0E4D95BC'),('CE537015382640E1AE15B9A8FD08B9EE','2023/12/26 21:53',198.00,5,'广东省揭阳市揭东县 李女士 ','32DB3700D2564254982BC58B0E4D95BC'),('D929BD17AB374B49B61B93AF9A194D1A','2023/12/31 23:39',339.00,5,'上海市徐汇区华山路1954号 樊小胖','32DB3700D2564254982BC58B0E4D95BC'),('DBFF4C857C8D4437B309BB1165D0C5D5','2023-12-09 18:25:56',481.00,1,'广东省广州市番禺区广州大学城外环东路382号 梁王','xxxx'),('DD5135AEDA2E464BAF52DEC4727E2A3D','2023/1/16 15:03',218.00,1,'广东省广州市海珠区新港西路135号 石一七','32DB3700D2564254982BC58B0E4D95BC'),('E106BFE7029C485D95A124C733BCC539','2023/1/16 15:17',199.00,5,'广东省广州市海珠区新港西路135号 石一七','32DB3700D2564254982BC58B0E4D95BC'),('E3A1EB6D0543489F9729B2B5BC5DB365','2023/1/2 10:30',475.00,1,'上海市徐汇区华山路1954号 樊小胖','32DB3700D2564254982BC58B0E4D95BC'),('E6EEEB39CECC4089BC65142BADCC4FC3','2023/12/26 21:40',924.00,1,'上海市 上海市 浦东新区 张凡尘','32DB3700D2564254982BC58B0E4D95BC'),('E891D2A05DA6485EB7E12436E8FB3107','2023/2/6 10:52',944.00,2,'广东省广州市海珠区新港西路135号 石一七','531D8A16D524478D86F8A115FE95D93F'),('E8AE477323214E99AB48BA38052BE974','2023/1/1 14:17',268.00,4,'上海市徐汇区华山路1954号 樊小胖','32DB3700D2564254982BC58B0E4D95BC'),('EA4DC50E547149E3A48B14E6711DF1BD','2023/1/1 17:03',328.00,4,'上海市徐汇区华山路1954号 樊小胖','32DB3700D2564254982BC58B0E4D95BC'),('EC3696A4C443494A9B8DD6E8A9B82072','2023/1/16 15:09',279.00,1,'广东省广州市海珠区新港西路135号 石一七','32DB3700D2564254982BC58B0E4D95BC'),('ECB47FBA81F64751B7AC89CCB8DDFD09','2023/2/6 15:23',129.00,2,'广东省广州市海珠区新港西路135号 石一七','531D8A16D524478D86F8A115FE95D93F'),('EDC9F39D490E424BA799E7BD4BED9D09','2023/1/1 17:04',339.00,4,'上海市徐汇区华山路1954号 樊小胖','32DB3700D2564254982BC58B0E4D95BC'),('EE1F00D88FDC44BD966AF05C1F7FABE0','2023/12/26 21:48',316.00,1,'上海市徐汇区华山路1954号 樊小胖','32DB3700D2564254982BC58B0E4D95BC'),('F64FD5E198BB4114AB091034C5C6D8B7','2023/1/16 15:09',268.00,1,'广东省广州市海珠区新港西路135号 石一七','32DB3700D2564254982BC58B0E4D95BC'),('F7E603F5179348B9BC3417B9BFB8558D','2023/2/7 0:12',188.00,2,'广东省广州市海珠区新港西路135号 石一七','531D8A16D524478D86F8A115FE95D93F'),('FAC08EE0DF2C4487A6FA2B11B343307E','2023/12/26 21:30',2796.00,1,'上海市徐汇区华山路1954号 樊小胖','32DB3700D2564254982BC58B0E4D95BC');
/*!40000 ALTER TABLE `t_order` ENABLE KEYS */;
UNLOCK TABLES;

--
-- Table structure for table `t_orderitem`
--

DROP TABLE IF EXISTS `t_orderitem`;
/*!40101 SET @saved_cs_client     = @@character_set_client */;
/*!50503 SET character_set_client = utf8mb4 */;
CREATE TABLE `t_orderitem` (
  `orderItemId` char(32) NOT NULL,
  `quantity` int DEFAULT NULL,
  `subtotal` decimal(8,2) DEFAULT NULL,
  `bid` char(32) DEFAULT NULL,
  `bname` varchar(200) DEFAULT NULL,
  `currPrice` decimal(8,2) DEFAULT NULL,
  `image_b` varchar(100) DEFAULT NULL,
  `oid` char(32) DEFAULT NULL,
  PRIMARY KEY (`orderItemId`),
  KEY `FK_t_orderitem_t_order` (`oid`),
  CONSTRAINT `FK_t_orderitem_t_order` FOREIGN KEY (`oid`) REFERENCES `t_order` (`oid`)
) ENGINE=InnoDB DEFAULT CHARSET=utf8mb3;
/*!40101 SET character_set_client = @saved_cs_client */;

--
-- Dumping data for table `t_orderitem`
--

LOCK TABLES `t_orderitem` WRITE;
/*!40000 ALTER TABLE `t_orderitem` DISABLE KEYS */;
INSERT INTO `t_orderitem` VALUES ('01D2DF3E5BB34E9F9D2477180C8D94D3',1,189.00,'10A36CEE42549FFB299B7C7129761D5','一心一意的爱',189.00,'book_img/1.jpg','C0841F4DFE7A43BFB183E4E82AE7914C'),('01E58D4FB7964805A1557A5EF2677586',1,189.00,'10DA36CEE42549FFB299B7C7129761D5','追寻美好',189.00,'book_img/2.jpg','7B3FA2910C9149829AB1EF3A39C4785F'),('06AD3253E7EA415B828D1299462DE812',1,191.00,'10E34313BF304CCEBF198BD4E05307B8','想牵你的手',191.00,'book_img/3.jpg','159B58B3BBCB4069A550BF1A358B4905'),('0844DB419E91407FAE223E3ED6B63707',1,339.00,'10E34313BF304CCEBF198BDE05307B8','满眼是你',339.00,'book_img/4.jpg','D929BD17AB374B49B61B93AF9A194D1A'),('09057DE2779D466B96CB553831B230C2',1,189.00,'10E423DBE56042838806673DB3E6BD3','甜甜爱情',189.00,'book_img/5.jpg','349C00D493D1446C9FF542827EC1F63C'),('0AD49A1C760E4EA2B29ADC32E306C2D5',1,168.00,'10E423DBE56042838806673DB3E86BD3','骄阳似火',168.00,'book_img/6.jpg','BD1BD9AB58B1413FA0BDC0AACCC8C65F'),('0C803F9C49E64A4794AE9F16217444C2',1,468.00,'10E42DBE56042838806673DB3E86BD3','浪漫赴约',468.00,'book_img/7.jpg','3DE77E39A98742B99606FA53A60E52EA'),('0F8620EDA20642D1B6CF6D2768086B0A',1,188.00,'10E69F85ACAB4C15BB40966E5AA545F1','永久誓言',188.00,'book_img/8.jpg','F7E603F5179348B9BC3417B9BFB8558D'),('0F8FCF81AE4D402892AD73C11477B971',3,208.00,'119F56E4423462394E6F83882F78975','情真意切',208.00,'book_img/9.jpg','5FB1E131DD294CBBA34FE93228DF2F02'),('0FDE8F9F0C1D4B65AE470BC63783FBF5',1,789.00,'119FF56E4423462394E6F83882F78975','相爱长久',789.00,'book_img/10.jpg','984468779C164A6098A7FE7EECE9E273'),('10C2D433E7704AC6A0CB74EBDB1B0AEC',1,279.00,'119FF5E4423462394E6F83882F78975','爱在满怀',279.00,'book_img/11.jpg','FAC08EE0DF2C4487A6FA2B11B343307E'),('14128D56EBDE44A2935F0D12EA5DBB03',1,198.00,'11ADA99309342F4978D5C680B0C6E8C','超级宠爱',198.00,'book_img/12.jpg','574A31876CA246D4A10C0600EF5CF8A5'),('1B48E8AA75BC4F569306702A33A7CCD5',1,268.00,'11FAA99309342F4978D5C680B0C6E8C','美丽邂逅',268.00,'book_img/13.jpg','E8AE477323214E99AB48BA38052BE974'),('1B6B185D53AB44798EE74AE33439BB1A',2,189.00,'11FADA99309342F4978D5C680B0C6E8C','暖暖的风',189.00,'book_img/14.jpg','96C6D91D916E472681EEC37B1770DE87'),('1BF158F7D2E24DC3AE8AD4748A125F7F',1,199.00,'123E68A6DB94E27B6E2ABD39DC21AF5','美好相遇',199.00,'book_img/15.jpg','E106BFE7029C485D95A124C733BCC539'),('1D529CD78B34458D96D03F9FB9E8DDC5',1,279.00,'123E6E8A6B94E27B6E2ABD39DC21AF5','明媚阳光',279.00,'book_img/16.jpg','EC3696A4C443494A9B8DD6E8A9B82072'),('1D5352893B8F421CAD3DCCA2623671CA',1,349.00,'123E6E8A6DB94E27B6E2ABD39DC21AF5','我的小公主',349.00,'book_img/17.jpg','0ADCEE0510844D2697E7A5C0903A8D3B'),('1E6B27C624B6473181DE9179514956D1',1,259.00,'126B831C5D04F61A72F66679A0CCFFD','奔赴永远',259.00,'book_img/18.jpg','3DE77E39A98742B99606FA53A60E52EA'),('21E1557D35164248A11C6D20A672EB46',1,209.00,'126B8F31C5D04F61A72F66679A0CCFFD','突然好想你',209.00,'book_img/19.jpg','3DE77E39A98742B99606FA53A60E52EA'),('2659227EFA5C4FF49B4C9E0E5FF3CDAD',1,169.00,'126B8F31C5D04F61A72F66679ACCFFD','得偿所愿',169.00,'book_img/20.jpg','1D640078E4A64AC987FEA7299B57A2F6'),('26D125337FB146FD923620A8E7C87556',1,358.00,'12ABA8B06C524632846F27C34568F3CE','爱了很久',358.00,'book_img/21.jpg','E6EEEB39CECC4089BC65142BADCC4FC3'),('26FFD473E4654C27B59BDB404E3982C5',1,269.00,'1329A14DDEF8455F82B3FDF25821D2BB','福来运转',269.00,'book_img/22.jpg','605B9D163C1345B6A636D80720794CE8'),('2754A72B64774B03A6FF5E08233D5445',1,836.00,'1329A14DDEF855F82B3FDF25821D2BB','臻爱一生',836.00,'book_img/23.jpg','E891D2A05DA6485EB7E12436E8FB3107'),('285F32EA770A4F9593537FEAC1B8705A',1,279.00,'1329A4DDEF8455F82B3FDF25821D2BB','与你相逢',279.00,'book_img/24.jpg','CBB735CB5F084C1BB80FF5998F811E63'),('2953F9C5BC6F4475AE3AD52B921B6875',1,488.00,'13CF52B3D2D4187A16754551488D733','独家记忆',488.00,'book_img/25.jpg','0FD72F77655D43E2B7989892E965864D'),('29E8A4EEA3914F16BE2287DC95AC14CD',1,336.00,'13CF52B3ED2D4187A16754551488D733','粉系公主款',336.00,'book_img/26.jpg','15A89AB272394F359EA26A2E15F13405'),('2E3E86265EC34D8F9907F52044AE2DD2',1,216.00,'13CF5B3ED2D4187A16754551488D733','浪漫旅程',216.00,'book_img/27.jpg','0FD72F77655D43E2B7989892E965864D'),('2EC79387485D42F699DFAC6CF2CFF26A',2,376.00,'13D464D1D1344ED593920B472826730','相知相爱',376.00,'book_img/28.jpg','E3A1EB6D0543489F9729B2B5BC5DB365'),('346BFB39E1524650A695DEAD8397F811',2,218.00,'13D464D1D1344ED5983920B472826730','事事如意',218.00,'book_img/29.jpg','FAC08EE0DF2C4487A6FA2B11B343307E'),('35B0B801D25845D8B76B61DD3CD5759A',1,198.00,'13D46D1D1344ED5983920B472826730','月光如水',198.00,'book_img/30.jpg','B62C7C1BA61C47C4BCEC4BE96897A72C'),('363A361E63F04C38994B4EE8E1606CF2',1,288.00,'146A048A4F649AE9008B38EA48FAEBA','温柔浪漫',288.00,'book_img/31.jpg','3DE77E39A98742B99606FA53A60E52EA'),('37D26DB2F215411E8BFB761D61769021',1,286.00,'146A0F48A4F649AE9008B38EA48FAEBA','宠爱一生',286.00,'book_img/32.jpg','BE24BB4187B1472AA08E206BF8B0ABF7'),('38132C2B0A8E4A7499A4A00A2C68D342',1,229.00,'146A0F48A4F649AE908B38EA48FAEBA','可爱精灵',229.00,'book_img/33.jpg','148668BE43754CE2B64A0AC999C5A2D5'),('3C585F544A494041AE75375D1CE8F086',1,349.00,'14F184188C8B4C7BB32D4E76603426AC','与你共舞',349.00,'book_img/34.jpg','A2DB4A7B4EA640ADA63F22A7E8311F4B'),('3DA0F5E8A5F34755A7254783B2A2C002',1,199.00,'14F184188C8B4C7BB32D4E7663426AC','恋爱圆舞曲',199.00,'book_img/35.jpg','0FBC5F415EF94161AF2937A07EFD8DE8'),('44AF075EF3BD4DBEB55C23C1930CB3B7',1,736.00,'15A6F27DCD17461450B26633A0B4605','爱丽丝梦境',736.00,'book_img/36.jpg','5FB1E131DD294CBBA34FE93228DF2F02'),('4A53FDF198474C16A0D4028CC9C1532B',1,289.00,'15A6F27DCD174614850B26633A0B4605','花团锦绣',289.00,'book_img/37.jpg','674878FE6CAB48918DB4A9688262FBD5'),('4ABE8B2691F84258AE4B79EF14068920',1,199.00,'15A6F7DCD174614850B26633A0B4605','你是我的唯一',199.00,'book_img/38.jpg','C4A1E40F2F514684BCD97F9EE76A701F'),('4AD70581ED09443DBE176C341D7B51BA',1,269.00,'15AAC68D64D4D67B1E33E9EAC22B885','旗开得胜',269.00,'book_img/39.jpg','93576BB2F43C47F89B4DD7B91F5DF5E3'),('4F2C5863418E4A52B69458D040E7C6F8',1,259.00,'126B831C5D04F61A72F66679A0CCFFD','奔赴永远',259.00,'book_img/18.jpg','9F63663AB2604F008E5D8150640DCE48'),('4F8776C84CF241AF9C4FB5BF8282E870',1,189.00,'15AACC68D64D4D67B1E33E9EAC22B885','温柔溢满心',189.00,'book_img/40.jpg','5D39377E88E049F8BA19173BAFF295CB'),('50C4D3F0F28A4648BF89BD18C7931B60',1,288.00,'15AACC68D64D4D67B1E33E9EC22B885','笑逐颜开',288.00,'book_img/41.jpg','058F48DA33694C6D8F5C2C13F3D26CEA'),('59C13A2A03C448098F20E5DC07B6D1D9',1,999.00,'16162799E913423EA5CB57BEC65AB1E9','福寿康宁',999.00,'book_img/42.jpg','6504C742FE65413494E028E714D4D609'),('5AD3850D25D143C6B54FBD84890A15EB',1,328.00,'16162799E913423EA5CB57EC65AB1E9','淳美之爱',328.00,'book_img/43.jpg','148668BE43754CE2B64A0AC999C5A2D5'),('5B17BD28CDAA4E4F98C5AAC48BCEB7BB',1,328.00,'1693239BC3B3444C8538ABE7411BB38E','蔚蓝星海',328.00,'book_img/44.jpg','303E12F4821A4B3F9DB97B23947220C7'),('5DADDF8045D7408DA4C9AAD9694AF5BF',1,298.00,'1693239BC3B3444C8538AE7411BB38E','天盛长歌',298.00,'book_img/45.jpg','2D9FF0BFB82842CFAA4B623D5997BF1F'),('5DF78D39DA9947048EED4F38DE027CEB',1,346.00,'17220EF17470401230E066FDFAAD4AD','忠贞不渝',346.00,'book_img/46.jpg','9721A3FBC37D490588AEE02F761744E2'),('5F6DAEB9C7E64DAB890320C0255B0242',1,198.00,'17220EF174704012830E066FDFAAD4AD','月光如水',198.00,'book_img/47.jpg','0CA1A9B0287C43B2AA9435F11F237E9B'),('65CFB83DF1CC4052B0D6657D2B444188',1,279.00,'17220F174704012830E066FDFAAD4AD','称心如意',279.00,'book_img/48.jpg','B69C6849120D4B28A6CCF99351B88575'),('6F4239EBB3D84A29911AEF08B16C4B78',1,269.00,'17437AD03FA456AA7D6154614A43B55','拥抱春天',269.00,'book_img/49.jpg','0A1F4C5BDE754277B984D1E7E763051D'),('72EA834FBF6F4FD3B43D4586B7E5B2E4',1,189.00,'17437DAD03FA456AA7D615414A43B55','光芒四溢',189.00,'book_img/50.jpg','BB7789E41C524030832B7E5E426633E7'),('79A5CCB6ED5E4ABBA2ADCD9E93103302',1,329.00,'17437DAD03FA456AA7D6154614A43B55','乔迁大喜',329.00,'book_img/51.jpg','32739173C1E247558358B1A8FE9FE012'),('7D184DF643E045B8A2D029C7DF261A49',1,279.00,'1329A4DDEF8455F82B3FDF25821D2BB','与你相逢',279.00,'book_img/24.jpg','39D3AE4F3BB04385AAC4D3090ADD593B'),('83C053FBB2B0479F86F8194AD9BB5411',1,299.00,'178C94641DB4475BBA1E2A07DF9B3AE','暖居如意',299.00,'book_img/52.jpg','7237A47B1B5B4A78822D662AE01671B6'),('85DA1674B58C450291901E923B13B53C',1,218.00,'178C94641DB4475BBA1E72A07DF9B3AE','温柔岁月',218.00,'book_img/53.jpg','DD5135AEDA2E464BAF52DEC4727E2A3D'),('87BE2F926AF5401595CECDF656752E96',1,288.00,'17A7D7A94E54054841EED1F70C3027C','温暖明媚',288.00,'book_img/54.jpg','0CD9939DC9AE4DA2A12F772293F55A4B'),('882D2D4A06B645AC9DE56B60622EC4E8',1,198.00,'17A7DA7A94E4054841EED1F70C3027C','暖暖的问候',198.00,'book_img/55.jpg','553AFF48D76A48AD89ED3FE8F7E2F587'),('8BEA49FAE0924D05BD5903325BFB4E0A',1,198.00,'17A7DA7A94E54054841EED1F70C3027C','时光的温柔',198.00,'book_img/56.jpg','CE537015382640E1AE15B9A8FD08B9EE'),('8C75EAC8C39845FE8D7540F208D31F86',1,268.00,'17EFD9367C9434682A790635D3C5FDF','牵挂你',268.00,'book_img/57.jpg','A2DB4A7B4EA640ADA63F22A7E8311F4B'),('914175F8FB55422BB407DD0AC9DB3D63',1,268.00,'17EFD99367C943468A790635D3C5FDF','灿烂如夏',268.00,'book_img/59.jpg','F64FD5E198BB4114AB091034C5C6D8B7'),('91A563AF472F41B386797E4CB6A39B2E',1,319.00,'186D36FACB449BEBD940D9307ED4A47','一往情深的祝福',319.00,'book_img/60.jpg','3DE77E39A98742B99606FA53A60E52EA'),('93069308B4C04E16A9D1EE7B8EFEEBA6',1,458.00,'186D3F6ACB449BEBD940D9307ED4A47','金色暖阳',458.00,'book_img/61.jpg','57856B1A295B437CA0F7991540897B47'),('942BE069B7B345BAA5D4FE19E2D87C12',2,288.00,'186D3F6FACB449BEBD940D9307ED4A47','合家富贵',288.00,'book_img/62.jpg','B69C6849120D4B28A6CCF99351B88575'),('9979731BC91D43B690E8ECD51DCC0F77',1,189.00,'18723405BA054C13B52357B8F6AEEC24','真心朋友',189.00,'book_img/63.jpg','7237A47B1B5B4A78822D662AE01671B6'),('9C6DE8585579400B8F91311FE472FF30',1,249.00,'18723405BA054C13B52357B8F6AEEC4','真诚的道歉',249.00,'book_img/64.jpg','4B49D55D2CD34DB480A2CDF1A78858E8'),('9CC5C541D4DF4C209EED96F8D62233EF',1,269.00,'18EF76FD21A64510538614DEA85F3F7','阳光心情',269.00,'book_img/65.jpg','33D163070CE74936966AE177F3E09B20'),('9E1D7EF000E440608281DE20DADB2AD9',1,189.00,'18EF76FD21A645109538614DEA85F3F7','万事顺遂',189.00,'book_img/66.jpg','1AFEC52D72C74266A6E36F83F9910B4F'),('A00770D667394EAD9DC8599FA025046C',1,316.00,'18EF7FD21A645109538614DEA85F3F7','虔诚祝福',316.00,'book_img/67.jpg','EE1F00D88FDC44BD966AF05C1F7FABE0'),('A07B6CA3424F4B62B55EAFE7E3DE680B',2,338.00,'126B8F31C5D04F61A72F66679ACCFFD','得偿所愿',169.00,'book_img/20.jpg','39D3AE4F3BB04385AAC4D3090ADD593B'),('A12B5835A2AA416491E59A1F470B03DF',1,299.00,'1917F5B19A0948FD9551932909328E4E','好运连连',299.00,'book_img/68.jpg','5668668DAB1F4406819D37881BC5D5B1'),('A4938F10E31243FCBEDDBF762F887F12',1,299.00,'1917F5B1A0948FD9551932909328E4E','笑颜如花',299.00,'book_img/69.jpg','C6F8379F9E3E4F8381763B54E5BF986C'),('A5CA013362854C7FBF1267670DDA659A',3,336.00,'1923901FBF124623BC707920D8936BC8','良师益友',336.00,'book_img/70.jpg','B69C6849120D4B28A6CCF99351B88575'),('A997875748344933AA3371BA5F280B95',1,316.00,'1923901FBF124623BC70792D8936BC8','桃李天下',316.00,'book_img/71.jpg','148668BE43754CE2B64A0AC999C5A2D5'),('AA10E8BEFD744C2DBCDC7E85C11044C4',1,328.00,'192391FBF124623BC707920D8936BC8','护花春泥',328.00,'book_img/72.jpg','EA4DC50E547149E3A48B14E6711DF1BD'),('AA2BC081EBFE40D889671C95A8B63A66',1,566.00,'19A57099EA14026A5C3D10CFC10C22C','师生情',566.00,'book_img/73.jpg','E6EEEB39CECC4089BC65142BADCC4FC3'),('B256993BD59544BB85E177A17CA59887',1,408.00,'19A57D099EA14026A5C3D10CFC10C22C','师恩如海',408.00,'book_img/74.jpg','3DE77E39A98742B99606FA53A60E52EA'),('B57029A4B38C48619E951EA3AAA62B5D',1,108.00,'19BF63AC12AD48FCB673F1820888964E','幸福永远',108.00,'book_img/75.jpg','E891D2A05DA6485EB7E12436E8FB3107'),('B93CD7AC6B3C4044AE8186279C33803B',1,159.00,'19BF63AC12AD48FCB673F820888964E','与你同在',159.00,'book_img/76.jpg','553AFF48D76A48AD89ED3FE8F7E2F587'),('C01A7D87FC924BAD8D3A4255BE415D14',1,276.00,'19BF6AC12AD48FCB673F1820888964E','守护纯真',276.00,'book_img/77.jpg','7858221EA1DF4B318A632A9C1CD3E1F7'),('C08547828C9445648F049ABC6127768D',1,99.00,'1A57D099EA14026A5C3D10CFC10C22C','开业吉祥',99.00,'book_img/78.jpg','E3A1EB6D0543489F9729B2B5BC5DB365'),('C2DC9CDECD724065A6ABE92C693B4F75',1,129.00,'1A5B4042D5B14D6B87A34DABF327387F','大卖',129.00,'book_img/79.jpg','ECB47FBA81F64751B7AC89CCB8DDFD09'),('C3575A8B7DED44B3937237DD6795FD46',1,289.00,'1A5B442D5B14D6B87A34DABF327387F','一帆风顺',289.00,'book_img/80.jpg','6C921E50C3E54EA0AFD8CC4B661963AD'),('C3BDE3E9E6CD48F6B0DDDB4720106689',1,299.00,'1A695342393C4BE48B831FA56B0E5C4','金玉满仓-大麦',299.00,'book_img/81.jpg','3143492834294128ADCFD1DAC3530396'),('C4B479673E0E454580A3B47747B954E7',1,301.00,'1A695342393C4BE48B831FA5E6B0E5C4','四季发财',301.00,'book_img/82.jpg','5FB1E131DD294CBBA34FE93228DF2F02'),('C588A712ADFD4D8282A328E49CBD01FB',1,383.00,'1B0AB354945411EA69F368D0EA91A00','财运享通',383.00,'book_img/83.jpg','BDB995AF80D34716ABB9D10CB6962F87'),('CA8CEF8D4C5647748A96A3684663B70E',1,188.00,'1B0AB3654945411EA69F368D0EA91A00','顾客迎门',188.00,'book_img/84.jpg','065056EFA3914273B6B266A2414A38FA'),('D544F15EEE69445B9BD10FF04253896E',1,291.00,'1B0AB654945411EA69F368D0EA91A00','大发利市',291.00,'book_img/85.jpg','9E1C0A9FDF1F49B18FA0BFA33E132BDD'),('D7D53516BCBE42488EE6F98DBC66CE83',1,481.00,'1BE0707984014E66BD9F34F534FCE0F7','财通四海',481.00,'book_img/86.jpg','DBFF4C857C8D4437B309BB1165D0C5D5'),('D7D546DB926B4FA9805524752279F923',1,478.00,'1BE0707984014E69B9F34F534FCE0F7','俊业有成',478.00,'book_img/87.jpg','8BB662E4C0444BC88F1DBE82584595BC'),('E1FDF0B54C4741639C5A9E33A0923177',1,179.00,'1C0C785FBEC4DEC802FA36E8B0BC87E','一门瑞气',179.00,'book_img/88.jpg','BD1BD9AB58B1413FA0BDC0AACCC8C65F'),('E35724F886094E5AB2076A690EC28917',1,199.00,'1C0C785FFBEC4DEC802FA36E8B0BC87E','宏图伟业',199.00,'book_img/89.jpg','59A15DD3A0704508B1C2BC9B682A329F'),('E3EF277FBBEB4AB4B5FB0AB187C9E635',1,339.00,'1C232CD9B6E6411BBBB1A5B781D2C3C9','财源滚滚来-大麦',339.00,'book_img/90.jpg','EDC9F39D490E424BA799E7BD4BED9D09'),('ED5722353C0A4F15A11B28A5A9B2745A',1,326.00,'1C232CD9B6E6411BBBBA5B781D2C3C9','姻缘相配',326.00,'book_img/91.jpg','57197A448F9A4F15B76B1ED1EB3A15E6'),('EE61A6CCC02148F68DF99293F2EEE88F',1,279.00,'1C36FD53A1514312A0A9ADD53A583886','百年琴瑟',279.00,'book_img/92.jpg','673170D78D9D4EE6AE083167CFB81C1A'),('EFCAF77235D94975A095027562F643C5',1,288.00,'1C36FD53A1514312A0A9ADD53A58886','婚礼进行曲',288.00,'book_img/93.jpg','BB7789E41C524030832B7E5E426633E7'),('F1C3FC9D6AAE406ABA251689B8ACC291',1,338.00,'1CB64DF0084E486EBF173F729A3A30A','喜结良缘',338.00,'book_img/94.jpg','C34F025EF6BB4B88A8409B00A0ABC891'),('F49964DAE525431C94ED66D96E053301',2,2299.00,'1CB64DF0084E486EBF173F729A3A630A','心形婚车花',2299.00,'book_img/95.jpg','FAC08EE0DF2C4487A6FA2B11B343307E'),('F7074572D71A454097B9019B7D5897FA',1,1099.00,'1CD79C0258F477AB841518D9312E843','气球婚车花',1099.00,'book_img/96.jpg','161A05BEBBAA468199131EAD175CCFEA'),('F84DB5D9AD0441FE81A52DCCCAC0EEA1',1,1199.00,'1CD79C20258F477AB841518D9312E843','圆形婚车花',1199.00,'book_img/97.jpg','2AFD7DC9619548BA8727464D77AFB9C2'),('F9AD99717BDF4DD481FF35CC2A11B2D3',1,1099.00,'1D1C005E4A04DCA881DA8689E21D4D0','喜庆婚车花',1099.00,'book_img/98.jpg','0B657B624D8D4B919B7E5F175AA90530'),('FBA39DB6CA63434B988D5329F029B2BB',2,289.00,'1D1CB005E404DCA881DA8689E21D4D0','珠联璧合-新娘手捧花',289.00,'book_img/99.jpg','75B7D65D4F5A43CD83605FDE38D7E10C'),('FBC88A01EE934A92BB83F8865CF44457',1,239.00,'1D1CB005E4A04DCA881DA8689E21D4D0','金玉良缘',239.00,'book_img/100.jpg','49127E9642C5474FA8F2139204DE571C'),('FFB980C9F3844E9085A134EC339F0979',1,256.00,'1D257176A6934CB79427CEC37E69249F','携手共进',256.00,'book_img/101.jpg','A2DB4A7B4EA640ADA63F22A7E8311F4B');
/*!40000 ALTER TABLE `t_orderitem` ENABLE KEYS */;
UNLOCK TABLES;

--
-- Table structure for table `t_user`
--

DROP TABLE IF EXISTS `t_user`;
/*!40101 SET @saved_cs_client     = @@character_set_client */;
/*!50503 SET character_set_client = utf8mb4 */;
CREATE TABLE `t_user` (
  `uid` char(32) NOT NULL,
  `loginname` varchar(50) DEFAULT NULL,
  `loginpass` varchar(50) DEFAULT NULL,
  `email` varchar(50) DEFAULT NULL,
  `status` tinyint(1) DEFAULT NULL,
  `activationCode` char(64) DEFAULT NULL,
  PRIMARY KEY (`uid`),
  UNIQUE KEY `loginname` (`loginname`)
) ENGINE=InnoDB DEFAULT CHARSET=utf8mb3;
/*!40101 SET character_set_client = @saved_cs_client */;

--
-- Dumping data for table `t_user`
--

LOCK TABLES `t_user` WRITE;
/*!40000 ALTER TABLE `t_user` DISABLE KEYS */;
INSERT INTO `t_user` VALUES ('32DB3700D2564254982BC58B0E4D95BC','liSi','123','itcast_cxf@126.com',1,'15682E9C4D2849E2AB5D8AFF55D2F7BA87126B0EF55A45C6A136E3CAA90D60F2'),('410F631A9D074C879E89A71A6AB5B743','Rallee','123','2598878236@qq.com',1,'BB44A49A339C487CB02A9CA16EB8E1BC8863B79096014C949030C69D0FDB74AE'),('4DE7E4D829A54D4FAB150B7451407198','def','def','itcast_cxf@soh.com',0,'D00FAA82457748FF8C1B912042E615B39F3602053E154181B98CDD48D9ECFC96'),('531D8A16D524478D86F8A115FE95D93F','zhangSan','123','itcast_cxf@163.com',1,'FCF142D04C4A420992FF4E7BAC92C1E58AF905F1A46B4818BB455BD925E52DDD'),('55790D9C1A1845738E6D93866A148C7E','wangWu','123','itcast_cxf@sina.com',1,'659903B3D5FF4576B82425A593962DFE64B6137EBE934AE5AE19F614E71F4549'),('9CC972DFA2D4481F89841A46FD1B3E7B','abc','abc','itcast_cxf@qq.com',0,'D7CEB3DE44364749A4807D98F8B2F63017FDFED9FFC842B6BBC64E20698FED5F'),('B50ADE921BF14F6EB5331777B1874763','aabb','aaa','abc@abc.cn',0,'10032D0DFD2B49DC98CA9739F929656B6819FA1C10EC44F8A95206D0C3D62094'),('F3A7248D5E3541B7838014A700773154','lwy','123','1572915376@qq.com',1,'6A9BA42C1D694348B92FD9A0BD28A15DCEF579C825C04EF3BD06327C78548960'),('x','sys','123','liuBei@163.com',1,'x'),('xx','fzd','123','guanYu@163.com',1,'xx'),('xxx','wangchang','123','zhangFei@163.com',1,'xxx'),('xxxx','lwk','123','zhaoYun@163.com',1,'xxxx');
/*!40000 ALTER TABLE `t_user` ENABLE KEYS */;
UNLOCK TABLES;
/*!40103 SET TIME_ZONE=@OLD_TIME_ZONE */;

/*!40101 SET SQL_MODE=@OLD_SQL_MODE */;
/*!40014 SET FOREIGN_KEY_CHECKS=@OLD_FOREIGN_KEY_CHECKS */;
/*!40014 SET UNIQUE_CHECKS=@OLD_UNIQUE_CHECKS */;
/*!40101 SET CHARACTER_SET_CLIENT=@OLD_CHARACTER_SET_CLIENT */;
/*!40101 SET CHARACTER_SET_RESULTS=@OLD_CHARACTER_SET_RESULTS */;
/*!40101 SET COLLATION_CONNECTION=@OLD_COLLATION_CONNECTION */;
/*!40111 SET SQL_NOTES=@OLD_SQL_NOTES */;

-- Dump completed on 2023-12-15 18:27:06
